feature,program
LGALS9→PTPRC,87
LGALS9→MET,87
LGALS9→CD44,87
LGALS9→LRP1,87
LGALS9→CD47,87
LGALS9→PTPRK,87
LGALS9→COLEC12,87
LGALS9→HAVCR2,87
LGALS9→MRC2,87
DLL1→NOTCH1,87
DLL1→NOTCH2,87
DLL1→NOTCH4,87
DLL1→NOTCH3,87
PODXL→SELL,87
ADGRB1→RTN4R,87
ADAM10→TSPAN15,87
ADAM10→TSPAN12,87
ADAM10→MET,87
ADAM10→IL6R,87
ADAM10→CD44,87
ADAM10→EPHA3,87
ADAM10→AXL,87
ADAM10→NOTCH1,87
ADAM10→NOTCH2,87
ADAM10→NRCAM,87
ADAM10→TSPAN17,87
ADAM10→TSPAN10,87
ADAM10→TREM2,87
TNFSF11→TNFRSF11B,81
TNFSF11→LGR4,81
TNFSF11→TNFRSF11A,87
EREG→ERBB3,79
ADAM12→ITGB1,87
ADAM12→ITGA9,91
TNFSF12→TNFRSF8,87
TNFSF12→CD163,91
TNFSF12→TNFRSF25,87
TNFSF12→TNFRSF12A,87
TNFSF14→TNFRSF6B,37
TNFSF14→LTBR,87
TNFSF14→TNFRSF14,85
ADAM23→ITGB3,87
ADAM23→ITGA5,87
ADAM23→ITGA4,87
ADAM11→ITGA4,89
ICOSLG→CD28,24
ICOSLG→CTLA4,24
ICOSLG→ICOS,24
SEMA7A→PLXNC1,87
TNFSF13→TNFRSF11B,85
TNFSF13→TNFRSF13B,85
TNFSF13→TNFRSF1A,85
TNFSF13→FAS,85
TNFSF13→SDC2,85
TNFSF13→TNFRSF17,85
TNFSF13→TNFRSF14,85
SLITRK3→PTPRD,119
SLITRK3→PTPRS,119
SLITRK5→PTPRD,55
TNFSF15→TNFRSF6B,36
TNFSF15→TNFRSF25,87
TGFA→ERBB3,79
TGFA→ERBB4,79
TNF→FFAR2,87
TNF→TNFRSF21,87
TNF→TNFRSF1A,85
TNF→TNFRSF1B,87
TNF→FAS,87
TNF→FLT4,87
TNF→NOTCH1,87
TNF→PTPRS,87
TNF→SEMA4C,87
TNF→VSIR,72
TNF→CELSR2,87
TNF→ICOS,87
HLA-B→CD8B2,72
HLA-B→LILRA1,85
HLA-B→CD8A,85
HLA-B→CD3D,24
HLA-B→CD8B,85
HLA-B→KIR2DL3,81
HLA-B→KIR3DL1,81
HLA-B→KIR3DL2,81
HLA-B→KLRD1,87
HLA-B→LILRB2,87
HLA-B→LILRB1,87
HLA-DRA→CD4,87
HLA-DRA→LAG3,87
HLA-DQA2→CD4,85
HLA-DQA2→LAG3,85
HLA-DQA1→CD4,87
HLA-DQA1→LAG3,87
HLA-DRB1→CD4,87
HLA-DRB1→LAG3,87
HLA-DQB1→CD4,87
HLA-DQB1→LAG3,87
ANXA1→EGFR,87
ANXA1→ADRA2A,87
ANXA1→FPR1,87
ANXA1→MTNR1A,13
ANXA1→GRM7,89
HLA-A→CD8B2,72
HLA-A→LILRA1,85
HLA-A→CD8A,85
HLA-A→ERBB2,91
HLA-A→CD8B,85
HLA-A→KIR2DL1,81
HLA-A→KIR2DL3,81
HLA-A→KIR3DL1,81
HLA-A→KIR3DL2,81
HLA-A→APLP2,87
HLA-A→LILRB2,87
HLA-A→LILRB1,87
HLA-DPB1→CD4,87
HLA-DPB1→LAG3,87
APP→TNFRSF21,24
APP→LRP6,24
APP→TSPAN15,24
APP→TSPAN12,24
APP→CD74,24
APP→NGFR,24
APP→ADRA2A,24
APP→FPR2,24
APP→GPC1,24
APP→PTGER2,24
APP→DCC,25
APP→MTNR1A,13
APP→NOTCH2,24
APP→LRP1,24
APP→AGER,24
APP→LRP10,24
APP→NCSTN,24
ITGB2→THY1,24
ITGB2→CD226,24
ICAM1→EGFR,87
ICAM1→IL2RA,87
ICAM1→MUC1,77
ICAM1→SPN,87
ICAM1→IL2RG,87
FCER2→CR2,89
ITGAV→THY1,87
ANXA2→TLR2,87
ANXA2→ROBO4,87
THBS1→TNFRSF11B,91
THBS1→LRP5,87
THBS1→ITGA4,87
THBS1→CD36,87
THBS1→SDC1,87
THBS1→ITGA6,87
THBS1→LRP1,87
THBS1→CD47,87
THBS1→PTPRJ,91
THBS1→SCARB1,85
CD55→CR1,87
CD55→ADGRE5,87
CD55→ADGRE2,87
CD14→TLR4,87
CD14→ITGB2,24
CD14→ITGB1,87
CD14→ITGA4,87
CD14→TLR1,87
CD14→TLR9,87
CD14→TLR6,87
MELTF→TFRC,72
CD48→CD2,85
CD48→CD244,85
CSF1→SIRPA,87
CSF1→CELSR3,87
HLA-C→CD8B2,72
HLA-C→LILRA1,85
HLA-C→CD8A,85
HLA-C→CD8B,85
HLA-C→KIR2DL1,81
HLA-C→KIR2DL3,81
HLA-C→KIR3DL1,81
HLA-C→KIR2DS4,71
HLA-C→LILRB2,87
HLA-C→KIR3DL3,81
HLA-C→LILRB1,87
TGFB3→ITGB3,87
TGFB3→ITGB1,87
TGFB3→ITGB5,87
TGFB3→ITGB6,89
TGFB3→ACVRL1,87
TGFB3→TGFBR3,87
CD28→CD80,87
CD28→CD86,87
ACE→BDKRB2,87
ACE→AGTR2,37
CDH1→LRP5,79
CDH1→EGFR,87
CDH1→IGF1R,79
CDH1→PTPRF,79
CDH1→CDH2,87
CDH1→PTPRM,87
CDH1→KLRG1,87
NCAM1→NCAM2,25
NCAM1→FGFR1,89
NCAM1→FGFR2,90
NCAM1→PTPRZ1,43
NCAM1→GFRA1,79
NCAM1→ROBO3,89
NCAM1→ROBO1,89
CEACAM1→EGFR,87
CEACAM1→HAVCR2,91
HLA-E→CD8B2,72
HLA-E→CD8A,85
HLA-E→CD8B,85
HLA-E→KLRK1,85
HLA-E→KIR3DL1,81
HLA-DOB→CD4,87
SELL→PODXL,87
SELL→MADCAM1,91
CD99→CD81,87
CD99→CD99L2,85
CD99→PILRB,87
CD99→PILRA,87
PLA2G2A→ITGB3,87
PLA2G2A→ITGB1,87
PLA2G2A→ITGAV,87
PLA2G2A→ITGA5,87
PLA2G2A→ITGA4,87
CD1D→LILRB2,87
ST6GAL1→EGFR,87
ST6GAL1→CD22,87
SPN→SIGLEC1,87
SELE→CEACAM1,87
SELE→CD44,87
SELE→GLG1,87
HLA-G→CD8B2,72
HLA-G→CD4,85
HLA-G→CD8A,85
HLA-G→CD8B,85
HLA-G→KLRC1,85
HLA-G→KIR3DL1,81
HLA-G→KLRD1,85
HLA-G→LILRB2,85
HLA-G→LILRB1,85
HLA-G→KIR2DL4,81
CD58→CD2,85
HLA-DPA1→CD4,87
HLA-DPA1→LAG3,87
CD22→PTPRC,87
EFNA1→EPHB6,87
EFNA1→EPHA1,44
EFNA1→EPHA2,87
EFNA1→EPHA3,87
EFNA1→EPHA8,70
EFNA1→EPHA5,89
EFNA1→EPHB1,84
EFNA1→EPHA4,87
EFNA1→EPHA7,89
EFNA1→EPHA10,79
EFNA1→EPHA6,60
KITLG→KIT,87
KITLG→EPOR,87
MRC1→PTPRC,87
MPZ→MPZL1,87
HLA-DMA→CD4,87
HLA-DMB→CD4,87
CD34→SELL,87
CD34→SELP,87
CD40LG→CD40,87
HLA-F→CD8B2,72
HLA-F→CD8A,85
HLA-F→CD8B,85
HLA-F→KIR3DL1,81
HLA-F→KIR3DL2,81
HLA-F→LILRB2,87
HLA-F→LILRB1,87
CEACAM8→CEACAM1,70
L1CAM→EGFR,81
L1CAM→ERBB2,81
L1CAM→FGFR2,81
L1CAM→ERBB3,81
L1CAM→PTPRZ1,43
L1CAM→EPHB2,81
L1CAM→CNTN1,81
ICAM3→ITGAL,85
ICAM3→CLEC4M,70
CD80→CD28,87
CD80→CTLA4,87
SDC2→PTPRJ,87
BTC→ERBB3,79
CEACAM6→EGFR,78
CEACAM6→CEACAM1,78
CD96→PVR,87
CD96→NECTIN1,72
CD200→CD200R1L,47
CD200→CD200R1,87
TNFSF9→PVR,87
TNFSF9→HLA-DPA1,87
TNFSF9→TNFRSF9,87
TNFSF9→IL13RA2,87
TNFSF9→ADGRG5,87
CD86→CD28,87
CD86→CTLA4,87
GDF5→ROR2,56
GDF5→ACVR1,56
BAG6→NCR3,85
FASLG→TNFRSF10B,85
FASLG→TNFRSF6B,37
FASLG→TNFRSF1A,85
FASLG→FAS,85
FLT3LG→FLT3,91
TNFSF10→TNFRSF10A,87
TNFSF10→TNFRSF11B,89
TNFSF10→TNFRSF10B,87
TNFSF10→TNFRSF10D,87
EFNA4→EPHA1,87
EFNA4→EPHA2,87
EFNA4→EPHA3,87
EFNA4→EPHA8,70
EFNA4→EPHA5,89
EFNA4→EPHA4,87
EFNA4→EPHA7,89
EFNA4→EPHA10,79
EFNA4→EPHA6,60
EFNB2→EPHB6,87
EFNB2→PECAM1,87
EFNB2→EPHA3,87
EFNB2→EPHB2,87
EFNB2→GRM5,52
EFNB2→EPHB3,87
EFNB2→EPHB4,87
EFNB2→EPHB1,84
EFNB2→EPHA4,87
EFNB2→GRM1,71
EFNB2→EPHA6,60
EFNA5→EPHB6,87
EFNA5→EPHA1,44
EFNA5→EPHA2,87
EFNA5→EPHA3,87
EFNA5→EPHA8,70
EFNA5→EPHB2,87
EFNA5→EPHA5,89
EFNA5→EPHB1,89
EFNA5→EPHA4,87
EFNA5→EPHA7,89
EFNA5→EPHA10,79
EFNA5→EPHA6,60
NRG3→ERBB3,89
NRXN1→NLGN1,43
NRXN1→NLGN2,43
NRXN1→NLGN3,43
NRXN2→NLGN1,89
NRXN2→NLGN2,87
NRXN2→NLGN3,89
B2M→CD1A,87
B2M→KLRC1,87
B2M→KLRC2,87
B2M→KIR2DL1,81
B2M→KIR2DL3,81
B2M→KIR3DL1,81
B2M→KLRD1,87
CXADR→JAML,24
SIRPA→CD47,87
JAG1→CD46,87
JAG1→NOTCH1,87
JAG1→NOTCH2,87
JAG1→NOTCH4,87
JAG1→NOTCH3,87
ADAM17→ITGB1,87
ADAM17→MET,87
ADAM17→ITGA5,87
ADAM17→IL6R,87
ADAM17→MUC1,77
ADAM17→NOTCH1,87
ADAM17→ERBB4,79
ADAM17→RHBDF2,87
DLK1→NOTCH1,57
DLK1→NOTCH2,57
DLK1→NOTCH4,57
DLK1→NOTCH3,57
EFNB1→EPHB6,91
EFNB1→ERBB2,91
EFNB1→EPHB2,91
EFNB1→EPHB3,87
EFNB1→EPHB4,87
EFNB1→EPHB1,84
EFNB1→EPHA4,87
EFNB1→EPHA6,60
CNTN2→NRP1,70
CNTN2→CNTN1,70
CNTN2→NRCAM,70
NRG1→ADGRL1,87
NRG1→EGFR,91
NRG1→HLA-DPB1,87
NRG1→GPC1,91
NRG1→LSR,87
NRG1→NETO2,87
NRG1→LGR4,91
DSG1→DSC3,43
DSC2→DSG3,43
DSC2→DSG4,32
DSC1→DSG3,43
DSC1→DSG4,34
CD47→SIRPA,87
CD47→SIRPG,85
BST2→LILRA4,87
CNTN1→PTPRZ1,43
CNTN1→NOTCH1,87
CNTN1→NOTCH2,87
CNTN1→NRCAM,87
ADAM9→ITGB1,87
ADAM9→ITGAV,87
ADAM9→ITGB5,87
ADAM9→ITGA6,87
ADAM9→ITGA3,87
ADAM15→ITGB3,87
ADAM15→ITGB1,87
ADAM15→ITGAV,87
ADAM15→ITGA5,87
ADAM15→ITGA9,87
MADCAM1→CD44,87
SEMA5A→MET,87
SEMA5A→PLXNA3,87
SEMA5A→PLXNA1,87
SEMA5A→PLXNB3,85
ALCAM→CHL1,87
ALCAM→NRP1,87
ALCAM→CD6,91
DSG2→DSC1,43
DSG2→DSC3,43
SELPLG→SIGLEC5,87
SELPLG→ITGB2,24
SELPLG→ITGAM,87
SELPLG→SELL,85
SELPLG→SELP,87
DSC3→DSG3,43
DSC3→DSG4,32
ICAM4→ITGB3,91
ICAM4→ITGB2,24
ICAM4→ITGB1,91
ICAM4→ITGAV,91
ICAM4→ITGA2B,89
ICAM4→ITGAM,87
ICAM4→ITGA4,91
ICAM4→ITGAL,91
NECTIN1→CD96,72
NECTIN1→NECTIN4,72
EFNB3→EPHB6,87
EFNB3→EPHB2,87
EFNB3→EPHB3,87
EFNB3→EPHB4,87
EFNB3→EPHB1,87
EFNB3→EPHA4,87
NTRK3→PTPRF,87
NTRK3→PTPRD,87
NTRK3→PTPRS,85
HLA-DRB5→CD4,87
HLA-DRB5→LAG3,87
TIGIT→PVR,87
TIGIT→NECTIN2,72
IGSF11→VSIR,72
NCR3LG1→NCR3,91
EPGN→EGFR,75
DLK2→NOTCH1,87
BTLA→CD79A,87
BTLA→CD247,85
BTLA→TNFRSF14,85
PDPN→CLEC1B,71
JAML→CXADR,24
CNTN4→PTPRG,87
NLGN4X→NRXN1,43
CADM3→NECTIN1,72
NLGN1→NRXN1,43
NLGN1→NRXN3,89
NLGN1→NRXN2,89
CD177→PECAM1,86
NLGN2→NRXN1,43
NLGN2→NRXN3,87
NLGN2→NRXN2,87
LILRB4→LAIR1,87
CD200R1→CD200,87
SECTM1→CD7,87
NRG4→EGFR,70
NECTIN2→CD96,72
NECTIN2→CD226,72
NECTIN2→TIGIT,72
EDA→EDA2R,87
EDA→EDAR,89
SEMA4D→PLXNB2,24
SEMA4D→PLXNB1,87
SEMA4D→ERBB2,87
SEMA4D→MET,87
SEMA4D→PLXNB3,85
HAVCR1→CD300LB,87
TIMD4→HAVCR1,87
NECTIN4→TIGIT,72
SLITRK1→PTPRD,27
SLITRK1→PTPRS,27
ADAM2→ITGB1,37
ADAM2→ITGA6,37
ADAM2→ITGB7,37
ADAM2→ITGA9,37
PDCD1LG2→PDCD1,87
JAM3→ITGB1,87
SEMA4C→PLXNB2,24
SLITRK2→PTPRD,91
SLITRK2→PTPRS,91
SEMA6A→PLXNA2,87
SEMA6A→PLXNA4,87
ADAM7→ITGA4,37
ADAM7→ITGB7,31
SEMA4A→PLXNB2,24
SEMA4A→PLXNB1,87
SEMA4A→LILRB2,87
SEMA4A→PLXNB3,85
SEMA4A→PLXND1,87
SEMA6B→PLXNA2,87
SEMA6B→PLXNA4,87
SLITRK6→PTPRS,74
NRXN3→NLGN1,89
NRXN3→NLGN2,87
NRXN3→NLGN3,89
CD209→CEACAM1,91
SEMA4B→DCBLD2,87
NECTIN3→PVR,72
NECTIN3→NECTIN1,72
NECTIN3→TIGIT,72
NECTIN3→NECTIN2,72
DLL4→NOTCH1,87
DLL4→NOTCH2,87
DLL4→NOTCH4,87
DLL4→NOTCH3,87
PDGFC→PDGFRB,87
PDGFC→PDGFRA,87
PDGFC→FLT1,87
PDGFC→FLT4,87
PDGFC→KDR,87
LRRC4B→PTPRF,89
LRRC4B→PTPRD,89
LRRC4B→PTPRS,89
SEMA4G→PLXNB2,85
DLL3→NOTCH1,87
DLL3→NOTCH2,87
DLL3→NOTCH4,87
DLL3→NOTCH3,87
PODXL2→SELL,91
NLGN3→NRXN1,43
NLGN3→NRXN3,89
NLGN3→NRXN2,89
IL1RAPL1→PTPRF,89
IL1RAPL1→PTPRD,89
IL1RAPL1→PTPRS,89
CD274→CD80,87
CD274→PDCD1,87
CLEC1B→KLRB1,71
CLEC1B→PDPN,71
SIRPG→CD47,85
SEMA5B→PLXNA3,87
SEMA5B→PLXNA1,87
CKLF→LRP6,87
CKLF→CCR4,85
KL→FGFR1,87
CLEC2D→KLRB1,87
ADAM29→ITGA4,61
ADAM28→ITGA4,87
HHLA2→TMIGD2,71
ICAM5→ITGB2,24
ICAM5→ITGAL,91
TNFSF18→TNFRSF18,71
JAG2→NOTCH1,87
JAG2→NOTCH2,87
JAG2→NOTCH4,87
JAG2→NOTCH3,87
TNFSF13B→TNFRSF13B,87
TNFSF13B→TFRC,87
TNFSF13B→HLA-DPB1,87
TNFSF13B→CD40,87
TNFSF13B→TNFRSF17,87
TNFSF13B→TNFRSF13C,24
COL6A6→CD44,89
COL6A6→SDC1,89
COL6A6→GP6,89
COL6A5→CD44,86
COL6A5→SDC1,86
COL6A5→GP6,86
AGRN→MUSK,37
AGRN→LRP4,87
AGRN→ITGB1,87
AGRN→LRP2,79
AGRN→LRP1,87
AGRN→DAG1,87
LAMA5→CD44,87
LAMA5→SDC1,87
LAMA5→BCAM,85
LAMA5→DAG1,87
COL1A1→ITGA5,87
COL1A1→CD44,87
COL1A1→CD36,87
COL1A1→SDC1,87
COL1A1→FLT4,87
COL1A1→DDR1,87
COL1A1→DDR2,87
COL1A1→GP6,89
COL1A1→CD93,87
COL2A1→TNFRSF10A,53
COL2A1→ITGA2B,53
COL2A1→CD44,53
COL2A1→SDC1,53
COL2A1→DDR1,53
COL2A1→GP6,89
COL4A1→CD44,87
COL4A1→SDC1,87
COL4A1→CD47,87
COL4A1→GP6,89
COL4A1→CD93,87
FN1→TNFRSF11B,91
FN1→CD79A,87
FN1→CD44,87
FN1→TSHR,81
FN1→ITGA2,87
FN1→SDC1,87
FN1→C5AR1,87
FN1→ITGA6,87
FN1→SDC2,87
FN1→FLT4,87
FN1→PLAUR,87
FN1→ITGA9,87
FN1→IL17RC,87
FN1→ROBO4,87
VTN→TNFRSF11B,89
VTN→ITGA5,89
VTN→PVR,89
VTN→ITGB6,89
VTN→ITGA3,89
VTN→KDR,89
VTN→PLAUR,89
VTN→CD47,89
VWF→TNFRSF11B,89
VWF→SELP,87
VWF→SIRPA,87
VWF→LRP1,87
VWF→SCARA5,89
VWF→STAB2,89
LAMB1→CD44,87
LAMB1→ITGA1,87
LAMB1→DAG1,87
COL1A2→ITGB3,87
COL1A2→ITGA2B,89
COL1A2→CD44,87
COL1A2→CD36,87
COL1A2→SDC1,87
COL1A2→FLT4,87
COL1A2→GP6,89
COL1A2→CD93,87
COL4A2→ITGB3,87
COL4A2→CD44,87
COL4A2→ITGB5,87
COL4A2→SDC1,87
COL4A2→GP6,89
COL4A2→CD93,87
LAMC1→CD44,87
LAMC1→ITGA1,87
LAMC1→DAG1,87
COL6A1→CD44,24
COL6A1→SDC1,87
COL6A1→ITGA6,24
COL6A1→GP6,22
COL6A2→CD44,24
COL6A2→SDC1,87
COL6A2→GP6,22
COL6A3→CD44,87
COL6A3→SDC1,87
COL6A3→GP6,89
COL9A1→CD44,65
COL9A1→SDC1,65
COL9A1→GP6,65
TNXB→SDC1,87
LAMA2→RPSA,87
LAMA2→CD44,87
LAMA2→ITGA1,87
LAMA2→DAG1,87
TNC→EGFR,87
TNC→ITGA5,87
TNC→ITGA2,87
TNC→SDC1,87
TNC→PTPRB,87
TNC→PTPRZ1,43
TNC→CNTN1,87
TNC→ITGA7,87
LAMA1→RPSA,87
LAMA1→CD44,87
LAMA1→SDC2,87
LAMA1→GPC1,87
LAMA1→ITGA1,87
LAMA1→DAG1,87
COL4A5→CD44,87
COL4A5→SDC1,90
COL4A5→CD47,90
COL4A5→GP6,89
COL4A5→CD93,90
THBS2→ITGA4,87
THBS2→CD36,87
THBS2→SDC1,87
THBS2→ITGA6,87
THBS2→CD47,87
THBS2→NOTCH4,87
THBS2→NOTCH3,87
THBS4→CD36,87
THBS4→SDC1,87
THBS4→CD47,87
COMP→ITGA5,87
COMP→CD36,87
COMP→SDC1,87
COMP→CD47,87
COL4A4→ITGB3,91
COL4A4→CD44,87
COL4A4→SDC1,87
COL4A4→CD47,87
COL4A4→GP6,89
COL4A4→CD93,91
LAMB2→RPSA,87
LAMB2→CD44,87
LAMB2→DAG1,87
RELN→VLDLR,89
RELN→LRP8,89
HSPG2→ITGB1,87
HSPG2→FGFR1,87
HSPG2→ITGA2,87
HSPG2→SDC1,87
HSPG2→LRP2,79
HSPG2→LRP1,87
HSPG2→PTPRS,85
HSPG2→DAG1,87
COL4A3→ITGB3,91
COL4A3→CD44,87
COL4A3→SDC1,87
COL4A3→CD47,87
COL4A3→GP6,89
COL4A3→CD93,91
LAMB3→CD44,87
LAMB3→DAG1,87
LAMC2→CD44,87
LAMC2→DAG1,87
COL4A6→CD44,89
COL4A6→SDC1,90
COL4A6→CD47,89
COL4A6→GP6,89
COL4A6→CD93,89
COL9A3→CD44,87
COL9A3→SDC1,87
COL9A3→GP6,89
COL9A2→CD44,87
COL9A2→SDC1,87
COL9A2→GP6,89
LAMA4→CD44,87
LAMA4→DAG1,87
LAMA3→CD44,87
LAMA3→SDC2,87
LAMA3→DAG1,87
TNR→SDC1,89
TNN→SDC1,87
LAMC3→CD44,87
LAMC3→DAG1,87
IFNL4→IL10RB,121
IFNL4→IFNLR1,71
CCL24→CCR2,48
CCL24→CCR3,48
CORT→ADRA2A,53
CORT→SSTR1,89
CORT→SSTR2,53
CORT→SSTR4,37
CORT→SSTR3,1
CORT→SSTR5,37
CORT→MTNR1A,13
CORT→GRM7,89
CORT→GHSR,18
CORT→MRGPRX2,37
AGRP→SDC3,87
AGRP→MC4R,36
AGRP→MC5R,36
AGRP→MC3R,36
LEFTY2→ACVR2A,89
LEFTY2→ACVR1B,89
LEFTY2→ACVR2B,89
CCL21→ADRA2A,87
CCL21→CCR7,87
CCL21→CCR10,89
CCL21→MTNR1A,13
CCL21→CXCR3,87
CCL21→GRM7,89
CCL21→ACKR4,89
CCN1→TLR4,87
CCN1→TLR2,87
CCN1→ITGB3,87
CCN1→ITGB2,24
CCN1→ITGAV,87
CCN1→ITGA5,87
CCN1→ITGAM,87
CCN1→ITGB5,87
CCL22→CCR4,88
NTN3→CDON,37
NTN3→NEO1,37
WNT7A→RECK,89
WNT7A→LDLR,89
CXCL11→ADRA2A,87
CXCL11→ACKR3,87
CXCL11→MTNR1A,13
CXCL11→CXCR3,87
CXCL11→CCR3,87
CXCL11→CCR5,87
CXCL11→GRM7,89
CXCL11→ACKR1,87
SEMA3E→NRP1,87
SEMA3E→PLXND1,87
ANGPT2→TIE1,87
ANGPT2→TEK,87
NPFF→NPFFR1,19
NPFF→NPFFR2,19
VGF→NTRK1,87
DEFB4B→TLR4,37
DEFB4B→CCR6,37
CCL25→ADRA2A,46
CCL25→CCR10,46
CCL25→MTNR1A,13
CCL25→CCR9,12
CCL25→GRM7,46
CCL25→ACKR4,46
CCL16→ADRA2A,89
CCL16→CCR1,37
CCL16→CCR2,37
CCL16→MTNR1A,13
CCL16→CCR5,37
CCL16→CCR8,37
CCL16→GRM7,37
CCL16→ACKR1,93
CCL16→HRH4,37
FGF10→FGFR1,89
FGF10→FGFR2,89
FGF10→FGFRL1,89
FGF16→FGFR1,33
FGF16→FGFR2,33
FGF16→FGFR4,33
FGF16→FGFR3,33
DHH→CDON,89
DHH→BOC,89
HCRT→HCRTR1,71
HCRT→HCRTR2,11
HCRT→NPFFR2,35
ANGPTL7→LILRB3,89
EDIL3→ITGB3,87
EDIL3→ITGAV,87
EDIL3→ITGB5,87
CD5L→CD5,71
VEGFD→NRP2,72
VEGFD→ITGB1,72
VEGFD→ITGA5,72
VEGFD→ITGA4,72
VEGFD→ITGA2,72
VEGFD→FLT1,72
VEGFD→ITGA1,72
VEGFD→ITGA9,72
CXCL13→ADRA2A,81
CXCL13→CXCR5,87
CXCL13→CCR10,81
CXCL13→MTNR1A,13
CXCL13→CXCR3,87
CXCL13→GRM7,89
CXCL13→ACKR1,87
CXCL13→ACKR4,81
FGF17→FGFR1,89
FGF17→FGFR2,89
FGF17→FGFR4,89
FGF17→FGFR3,89
GDF9→BMPR1B,77
GDF9→ACVR2A,87
GDF9→BMPR1A,87
PSPN→GFRA2,71
PSPN→SDC3,87
PSPN→GFRA1,79
GREM1→KDR,89
SLIT1→SDC1,89
SLIT1→GPC1,89
SLIT1→ROBO2,89
SLIT1→FLRT3,89
SLIT1→ROBO1,89
SLIT3→ROBO4,87
SLIT3→ROBO2,84
SLIT3→ROBO1,87
PGLYRP1→TREM1,42
LEFTY1→ACVR2A,70
LEFTY1→ACVR1B,70
LEFTY1→ACVR2B,70
FGF18→FGFR1,87
FGF18→FGFR2,87
FGF18→FGFR4,87
FGF18→FGFR3,87
SLIT2→APP,24
SLIT2→SDC1,87
SLIT2→GPC1,87
SLIT2→DCC,89
SLIT2→ROBO4,87
SLIT2→ROBO2,84
SLIT2→ROBO1,87
LRIG2→EGFR,87
DKK1→LRP4,88
DKK1→LRP5,88
DKK1→LRP6,88
DKK1→KREMEN2,88
DKK1→KREMEN1,25
SEMA3D→PLXND1,87
NXPH2→NRXN1,64
NXPH3→NRXN1,43
NXPH3→NRXN3,87
NXPH3→NRXN2,87
CCN4→ITGB1,87
CCN4→ITGA5,87
GDF11→BMPR1B,77
GDF11→BMPR1A,87
GDF11→BMPR2,87
GDF11→ANTXR1,87
BMP10→BMPR1B,7
BMP10→FFAR2,7
BMP10→BMPR1A,7
BMP10→KIR2DL3,122
BMP10→KIR3DL1,123
BMP10→GPR152,124
BMP10→VSIR,7
UTS2→UTS2R,36
NTN1→UNC5C,87
NTN1→ADORA2B,87
NTN1→MCAM,87
NTN1→DCC,89
NTN1→UNC5D,70
NTN1→UNC5A,79
NTN1→UNC5B,87
NTN1→NEO1,87
CXCL14→CXCR4,89
FGF19→FGFR1,70
FGF19→FGFR2,70
FGF19→FGFR4,70
FGF19→FGFR3,70
FGF19→KLB,70
CER1→MRC2,37
ANGPTL1→LILRB3,89
ANGPTL1→TEK,87
OLFM2→ROBO2,84
LGI1→ADAM23,70
LGI1→RTN4R,70
BMP15→ACVR2A,37
BMP15→BMPR1A,125
WNT11→FZD9,89
WNT11→MUSK,37
WNT11→FZD6,89
WNT11→FZD7,89
WNT11→FZD5,89
WNT11→FZD2,89
WNT11→FZD8,89
WNT11→FZD3,89
WNT11→FZD4,89
WNT11→FZD10,91
HP→TLR4,81
HP→ITGB2,81
HP→ASGR1,81
HP→ASGR2,81
HP→ITGAM,81
HP→CD22,81
HP→CD163,81
PLG→F2RL2,89
PLG→ITGB2,89
PLG→ITGB1,89
PLG→ITGAM,89
PLG→IGF2R,89
PLG→F3,89
PLG→FLT1,89
PLG→F2R,89
PLG→F2RL1,89
PLG→PLAUR,89
PLG→ITGA9,89
PLG→PARD3,89
PLG→F2RL3,89
AGT→MAS1,70
AGT→ADRA2A,87
AGT→AGTR1,87
AGT→MTNR1A,13
AGT→AGTR2,37
AGT→LRP2,79
AGT→GRM7,89
KNG1→ITGB2,71
KNG1→GP1BA,71
KNG1→ADRA2A,71
KNG1→ITGAM,71
KNG1→BDKRB2,71
KNG1→SDC2,71
KNG1→BDKRB1,71
KNG1→MTNR1A,126
KNG1→PLAUR,71
KNG1→GRM7,71
KNG1→GPR135,71
KNG1→RXFP4,71
KNG1→CD93,71
PDGFB→ITGAV,24
PDGFB→S1PR1,24
PDGFB→LRP1,24
PDGFB→ADGRV1,24
EGF→NRP1,74
EGF→LDLR,74
EGF→ADRB2,74
EGF→ERBB3,74
EGF→FSHR,127
EGF→AXL,74
EGF→LRP2,74
EGF→ERBB4,74
TGFB1→EGFR,87
TGFB1→ITGB3,87
TGFB1→ITGB1,87
TGFB1→ITGB5,87
TGFB1→ITGB8,87
TGFB1→SDC2,87
TGFB1→ACVRL1,87
TGFB1→CXCR4,87
TGFB1→TGFBR3,87
TGFB1→VASN,87
NGF→NTRK1,87
NGF→NGFR,87
NGF→SORCS2,87
NPPA→NPR1,89
NPPA→NPR3,89
NPPA→NPR2,89
OXT→AVPR2,89
OXT→OXTR,91
OXT→AVPR1A,87
OXT→AVPR1B,19
AVP→RAMP2,31
AVP→RAMP3,31
AVP→LDLR,31
AVP→ADRB2,31
AVP→ADRB3,31
AVP→TSHR,31
AVP→AVPR2,31
AVP→OXTR,31
AVP→VIPR1,31
AVP→AVPR1A,31
AVP→ADCYAP1R1,31
AVP→AVPR1B,16
AVP→LRP2,31
AVP→PTH1R,31
AVP→GPR20,31
AVP→GPR84,31
POMC→RAMP2,87
POMC→RAMP3,87
POMC→ADRB2,87
POMC→ADRA2A,87
POMC→ADRB3,71
POMC→TSHR,81
POMC→VIPR1,87
POMC→MC4R,36
POMC→MC5R,36
POMC→OPRM1,70
POMC→OPRK1,56
POMC→OPRL1,87
POMC→ADCYAP1R1,87
POMC→MC3R,36
POMC→MTNR1A,13
POMC→MC2R,37
POMC→MC1R,87
POMC→PTH1R,87
POMC→GRM7,89
POMC→GPR20,91
POMC→GPR84,87
PENK→ADRA2A,89
PENK→OPRM1,71
PENK→OPRK1,56
PENK→OPRL1,56
PENK→MTNR1A,13
PENK→GRM7,89
PENK→MRGPRX1,37
PENK→OGFR,89
PDYN→ADRA2A,37
PDYN→OPRM1,37
PDYN→OPRK1,37
PDYN→OPRL1,37
PDYN→MTNR1A,13
PDYN→GRM7,13
CGA→RAMP2,70
CGA→RAMP3,70
CGA→ADRB2,70
CGA→ADRB3,71
CGA→TSHR,70
CGA→LHCGR,40
CGA→FSHR,128
CGA→VIPR1,70
CGA→ADCYAP1R1,70
CGA→PTH1R,70
CGA→GPR20,70
CGA→GPR84,70
TSHB→RAMP2,3
TSHB→RAMP3,3
TSHB→ADRB2,3
TSHB→ADRB3,129
TSHB→TSHR,130
TSHB→VIPR1,3
TSHB→ADCYAP1R1,131
TSHB→PTH1R,132
TSHB→GPR20,133
TSHB→GPR84,3
FSHB→RAMP2,37
FSHB→RAMP3,37
FSHB→ADRB2,37
FSHB→ADRB3,37
FSHB→TSHR,37
FSHB→FSHR,134
FSHB→VIPR1,37
FSHB→ADCYAP1R1,13
FSHB→PTH1R,34
FSHB→GPR20,37
FSHB→GPR84,37
LHB→RAMP2,70
LHB→RAMP3,70
LHB→ADRB2,70
LHB→ADRB3,71
LHB→TSHR,70
LHB→LHCGR,40
LHB→VIPR1,70
LHB→ADCYAP1R1,89
LHB→PTH1R,89
LHB→GPR20,70
LHB→GPR84,70
PRL→PRLR,89
GH1→GHR,70
GH1→PRLR,70
GH2→GHR,37
CALCA→ADRB2,71
CALCA→ADRB3,71
CALCA→TSHR,71
CALCA→VIPR1,71
CALCA→ADCYAP1R1,71
CALCA→PTH1R,71
CALCA→GPR20,71
CALCA→GPR84,71
TG→TPO,89
TG→ASGR1,87
TG→LRP2,79
PTH→RAMP2,37
PTH→RAMP3,37
PTH→LRP6,34
PTH→ADRB2,37
PTH→ADRB3,37
PTH→TSHR,37
PTH→VIPR1,37
PTH→ADCYAP1R1,13
PTH→PTH2R,37
PTH→PTH1R,34
PTH→GPR20,37
PTH→GPR84,37
GCG→RAMP2,71
GCG→RAMP3,71
GCG→GLP2R,15
GCG→ADRB2,71
GCG→ADRB3,15
GCG→TSHR,71
GCG→VIPR1,71
GCG→ADCYAP1R1,71
GCG→GLP1R,3
GCG→GCGR,114
GCG→GIPR,71
GCG→PTH1R,71
GCG→GPR20,71
GCG→GPR84,71
VIP→RAMP1,89
VIP→RAMP2,89
VIP→RAMP3,89
VIP→ADRB2,89
VIP→ADRB3,38
VIP→TSHR,89
VIP→NPR3,89
VIP→VIPR1,89
VIP→AVPR1A,89
VIP→ADCYAP1R1,89
VIP→VIPR2,89
VIP→SCTR,64
VIP→PTH1R,89
VIP→GPR20,89
VIP→GPR84,89
GHRH→RAMP2,103
GHRH→RAMP3,103
GHRH→ADRB2,103
GHRH→ADRB3,37
GHRH→TSHR,103
GHRH→VIPR1,103
GHRH→ADCYAP1R1,103
GHRH→VIPR2,103
GHRH→GHRHR,102
GHRH→PTH1R,103
GHRH→GHSR,34
GHRH→GPR20,103
GHRH→GPR84,103
PPY→ADRA2A,71
PPY→NPY1R,71
PPY→MTNR1A,13
PPY→NPY2R,104
PPY→NPY4R,37
PPY→GRM7,71
PPY→NPY5R,71
PPY→GPR83,71
NPY→ADRA2A,41
NPY→NPY1R,41
NPY→MC4R,36
NPY→MTNR1A,114
NPY→NPY2R,41
NPY→PRLHR,41
NPY→NPY4R,36
NPY→GRM7,41
NPY→NPY5R,41
NPY→GPR83,41
NPY→NPFFR2,41
INS→INSR,37
INS→IGF1R,37
INS→LRP2,37
INS→LILRB2,37
INS→LILRB1,37
GAST→CCKBR,37
GAST→KIR2DL3,37
GAST→GPR152,37
LTA→TNFRSF1A,85
LTA→TNFRSF1B,85
LTA→TNFRSF14,85
IFNA1→CR2,37
IL1B→ADRB2,87
IL1B→SIGIRR,87
EPO→EPOR,75
EPO→EPHB4,75
APOA1→LDLR,87
APOA1→LRP2,79
APOA1→LRP1,87
APOE→LRP4,87
APOE→LRP5,87
APOE→LRP6,87
APOE→LDLR,87
APOE→SDC2,87
APOE→VLDLR,87
APOE→LRP2,79
APOE→LRP1,87
APOE→LRP8,87
APOE→LSR,87
APOE→SCARB1,87
APOE→TREM2,87
APOA2→LDLR,67
APOA2→LRP2,67
APOA2→LRP1,67
APOC2→LDLR,87
APOC2→LRP2,79
APOC2→LRP1,87
APOC3→TLR2,100
APOC3→LDLR,100
APOC3→SDC2,100
APOC3→LRP2,100
APOC3→LRP1,100
ORM1→CCR5,56
TTR→NGFR,31
GC→LRP2,39
PPBP→ADRA2A,50
PPBP→CXCR1,50
PPBP→CXCR2,50
PPBP→MTNR1A,13
PPBP→GRM7,50
PPBP→ACKR1,50
PF4→LDLR,51
PF4→THBD,51
PF4→ADRA2A,51
PF4→FGFR2,51
PF4→SDC2,51
PF4→MTNR1A,13
PF4→CXCR3,51
PF4→LRP1,51
PF4→GRM7,51
PF4→ACKR1,51
PF4→PROCR,51
CXCL10→ADRA2A,87
CXCL10→MTNR1A,13
CXCL10→CXCR3,87
CXCL10→CCR3,87
CXCL10→GRM7,89
CXCL10→ACKR1,87
TF→LDLR,43
TF→TFRC,43
TF→ADRB2,43
TF→LRP2,79
TF→TFR2,43
HPX→LRP1,87
ANG→PLXNB2,24
ANG→EGFR,87
AMH→EGFR,89
PDGFA→PDGFRB,87
PDGFA→PDGFRA,87
RLN2→RAMP2,79
RLN2→RAMP3,79
RLN2→ADRB2,87
RLN2→ADRB3,71
RLN2→TSHR,81
RLN2→VIPR1,87
RLN2→ADCYAP1R1,103
RLN2→PTH1R,89
RLN2→RXFP2,36
RLN2→GPR20,70
RLN2→RXFP1,71
RLN2→GPR84,70
RLN2→RXFP3,16
APOB→TLR4,38
APOB→LRP6,38
APOB→LDLR,38
APOB→ITGB2,38
APOB→ADRB2,38
APOB→ITGAM,38
APOB→OLR1,38
APOB→VLDLR,38
APOB→LRP2,38
APOB→LRP1,38
APOB→LRP8,38
APOB→LSR,38
APOB→TLR6,38
CSF2→ITGB1,87
CSF2→CSF1R,87
CSF2→IL3RA,87
CSF2→SDC2,87
CSF2→ITGA9,87
CSF2→CSF3R,87
TFF1→FCRL4,23
WNT1→CD36,85
WNT1→RYK,85
WNT1→ROR2,85
RLN1→RXFP4,71
RLN1→RXFP2,36
RLN1→RXFP1,71
RLN1→RXFP3,16
IGF1→INSR,87
IGF1→IGF1R,87
IGF1→IGF2R,87
APOD→LEPR,87
S100A8→TLR4,87
S100A8→ITGB2,24
S100A8→CD36,87
S100A8→CD68,87
S100A8→AGER,87
INHA→TGFBR3,53
INHA→ACVR1,53
IL4→CD53,87
FGF1→NRP1,87
FGF1→EGFR,87
FGF1→FGFR1,87
FGF1→CD44,87
FGF1→FGFR2,87
FGF1→FGFR4,87
FGF1→FGFR3,87
FGF1→TGFBR3,87
FGF1→CSPG4,87
FGF1→FGFRL1,87
IL6→F3,87
IL6→HRH1,87
EDN1→EDNRB,87
EDN1→EDNRA,87
EDN1→ADGRL4,87
HLA-DQB2→LAG3,87
CCK→CCKAR,109
CCK→CCKBR,32
S100A9→TLR4,87
S100A9→ITGB2,24
S100A9→CD36,87
S100A9→CD68,87
S100A9→AGER,87
APOA4→LDLR,15
APOA4→LRP2,15
APOA4→LRP1,15
GPI→NTRK1,87
CRH→RAMP2,37
CRH→RAMP3,37
CRH→ADRB2,37
CRH→ADRB3,37
CRH→TSHR,37
CRH→VIPR1,37
CRH→CRHR1,37
CRH→ADCYAP1R1,37
CRH→MC2R,37
CRH→PTH1R,37
CRH→CRHR2,39
CRH→GPR20,37
CRH→GPR84,37
PRSS1→F2RL2,67
PRSS1→F2R,67
PRSS1→F2RL1,67
PRSS1→PARD3,67
PRSS1→F2RL3,67
PRSS2→F2RL2,67
PRSS2→F2R,67
PRSS2→F2RL1,67
PRSS2→PARD3,67
PRSS2→F2RL3,67
GRP→NMBR,21
GRP→GRPR,79
GRP→BRS3,31
DCN→TLR4,87
DCN→TLR2,87
DCN→EGFR,87
DCN→MET,87
DCN→ERBB4,79
INHBA→TGFBR3,87
INHBA→BAMBI,87
LPA→ITGB2,8
LPA→ITGAM,8
LPA→LRP2,8
LPA→LPAR4,8
LPA→LPAR2,8
LPA→LPAR3,8
FGF4→NRP1,37
FGF4→FGFR1,37
FGF4→FGFR2,37
FGF4→FGFR4,37
FGF4→FGFR3,37
FGF4→FGFRL1,37
NMB→NMBR,21
NMB→GRPR,79
NMB→BRS3,31
FGF2→NRP1,87
FGF2→SDC3,87
FGF2→GPC4,87
FGF2→FGFR1,87
FGF2→CD44,87
FGF2→SDC1,87
FGF2→FGFR2,87
FGF2→FGFR4,87
FGF2→FGFR3,87
FGF2→SDC2,87
FGF2→FGFRL1,87
CXCL1→ADRA2A,87
CXCL1→CXCR1,71
CXCL1→CXCR2,87
CXCL1→MTNR1A,13
CXCL1→GRM7,89
CXCL1→ACKR1,87
LGALS1→ITGB1,24
LGALS1→PTPRC,24
GIP→RAMP2,33
GIP→RAMP3,33
GIP→INSR,33
GIP→ADRB2,33
GIP→ADRB3,71
GIP→TSHR,33
GIP→VIPR1,33
GIP→ADCYAP1R1,33
GIP→GIPR,33
GIP→PTH1R,33
GIP→GPR20,33
GIP→GPR84,33
SCT→RAMP2,87
SCT→RAMP3,87
SCT→ADRB2,87
SCT→ADRB3,71
SCT→TSHR,81
SCT→VIPR1,87
SCT→ADCYAP1R1,87
SCT→VIPR2,87
SCT→SCTR,64
SCT→PTH1R,87
SCT→GPR20,70
SCT→GPR84,87
CSF3→CSF1R,70
CSF3→CSF3R,70
C4B→CD46,85
C4B→CR1,80
NPS→RAMP2,37
NPS→RAMP3,37
NPS→ADRB2,37
NPS→ADRB3,37
NPS→TSHR,37
NPS→VIPR1,37
NPS→ADCYAP1R1,13
NPS→PTH1R,34
NPS→NPSR1,135
NPS→GPR20,37
NPS→GPR84,37
SAA1→TLR2,57
SAA1→ADRA2A,87
SAA1→CD36,57
SAA1→FPR1,57
SAA1→FPR2,57
SAA1→MTNR1A,13
SAA1→GRM7,89
SAA1→SCARB1,57
APELA→APLNR,87
CSH1→PRLR,36
CSH2→PRLR,37
CGB8→LHCGR,109
SLURP2→CHRNA3,5
PYY→ADRA2A,70
PYY→NPY1R,70
PYY→MTNR1A,13
PYY→NPY2R,70
PYY→NPY4R,37
PYY→GRM7,70
PYY→NPY5R,70
PYY→GPR83,70
CALCB→RAMP1,81
CALCB→RAMP2,81
CALCB→RAMP3,81
CALCB→ADRB2,81
CALCB→ADRB3,71
CALCB→TSHR,81
CALCB→VIPR1,81
CALCB→ADCYAP1R1,45
CALCB→PTH1R,45
CALCB→CALCRL,81
CALCB→GPR20,56
CALCB→GPR84,81
CXCL8→SDC3,87
CXCL8→ADRA2A,87
CXCL8→CD79A,87
CXCL8→SDC1,87
CXCL8→CXCR1,71
CXCL8→CXCR2,87
CXCL8→SDC2,87
CXCL8→KDR,87
CXCL8→MTNR1A,13
CXCL8→GRM7,89
CXCL8→ACKR1,87
CCL3→CCR1,87
CCL3→CCR3,87
CCL3→CCR4,87
CCL3→CCR5,87
SPP1→CD44,87
SPP1→PTGER4,87
SPP1→CCR8,87
PF4V1→CXCR3,81
RBP3→NOTCH1,37
FGF6→FGFR1,31
FGF6→FGFR2,37
FGF6→FGFR4,37
FGF6→FGFR3,31
IAPP→RAMP1,70
IAPP→RAMP2,70
IAPP→RAMP3,70
IAPP→ADRB2,70
IAPP→ADRB3,71
IAPP→TSHR,70
IAPP→VIPR1,70
IAPP→ADCYAP1R1,103
IAPP→PTH1R,70
IAPP→CALCRL,70
IAPP→GPR20,70
IAPP→GPR84,70
FGF3→FGFR1,110
FGF3→FGFR2,110
FGF3→FGFR4,110
FGF3→FGFR3,110
FGF3→FGFRL1,110
SCGB1A1→LRP2,29
FGF5→FGFR1,89
FGF5→FGFR2,89
FGF5→FGFR4,89
FGF5→FGFR3,89
PTHLH→RAMP2,89
PTHLH→RAMP3,89
PTHLH→ADRB2,89
PTHLH→ADRB3,71
PTHLH→TSHR,81
PTHLH→VIPR1,90
PTHLH→ADCYAP1R1,87
PTHLH→PTH2R,85
PTHLH→PRLHR,70
PTHLH→PTH1R,87
PTHLH→GPR20,91
PTHLH→GPR84,91
PIP→CD4,74
PIP→NPTN,74
GZMA→F2RL2,87
GZMA→F2R,85
GZMA→F2RL1,87
GZMA→PARD3,56
GZMA→F2RL3,89
BMP2→GPC1,89
BMP2→ACVR1,89
BMP2→SMO,89
BMP4→LRP6,87
BMP3→BMPR1B,60
BMP3→BMPR1A,60
BMP3→ACVR2B,60
BMP3→BMPR2,60
MLN→MLNR,18
CCL4→CCR1,87
CCL4→CNR2,87
CCL4→CCR3,87
CCL4→CCR5,87
CCL4→CCR8,87
CCL4→GPR152,36
CCL4→GPRC5D,49
BMP1→BMPR1B,77
BMP1→BMPR1A,87
BMP1→BMPR2,87
CCL2→CCR1,87
CCL2→CCR2,87
CCL2→CCR10,87
CCL2→CCR3,87
CCL2→CCR4,87
CCL2→CCR5,87
CCL2→ACKR1,87
CCL2→ACKR4,87
CCL5→CCRL2,87
CCL5→GPR75,89
CCL5→ADRA2A,87
CCL5→SDC1,87
CCL5→CCR1,87
CCL5→MTNR1A,13
CCL5→CXCR3,85
CCL5→CCR3,87
CCL5→CCR4,85
CCL5→CCR5,87
CCL5→GRM7,89
CCL5→ACKR1,87
CCL5→ACKR4,87
VCAN→TLR2,91
VCAN→EGFR,87
VCAN→ITGB1,87
VCAN→ITGA4,91
VCAN→SELL,91
VCAN→CD44,87
VCAN→SELP,87
VCAN→TLR1,91
CD59→CD2,87
EDN3→EDNRB,43
EDN3→EDNRA,43
MIF→EGFR,24
MIF→ACKR3,24
MIF→TNFRSF14,24
MIF→TNFRSF10D,24
HGF→NRP1,87
HGF→ITGB1,87
HGF→MET,87
HGF→CD44,87
HGF→SDC1,87
HGF→SDC2,87
NID1→ITGB3,87
NID1→ITGB1,87
NID1→ITGAV,87
NID1→PTPRF,87
NID1→ITGA3,87
AREG→ERBB3,79
VEGFA→NRP1,87
VEGFA→NRP2,87
VEGFA→EGFR,87
VEGFA→ITGB3,87
VEGFA→ITGB1,87
VEGFA→ITGAV,87
VEGFA→RET,91
VEGFA→EPHB2,87
VEGFA→GPC1,87
VEGFA→SIRPA,87
VEGFA→TYRO3,91
VEGFA→ITGA9,87
MUC1→SIGLEC9,77
NPPB→NPR1,104
NPPB→NPR3,104
NPPB→NPR2,104
LGALS3→LAG3,87
BMP7→PTPRK,87
ADCYAP1→RAMP2,70
ADCYAP1→RAMP3,70
ADCYAP1→ADRB2,70
ADCYAP1→ADRB3,71
ADCYAP1→TSHR,70
ADCYAP1→VIPR1,70
ADCYAP1→ADCYAP1R1,103
ADCYAP1→VIPR2,70
ADCYAP1→SCTR,64
ADCYAP1→PTH1R,89
ADCYAP1→GPR20,70
ADCYAP1→GPR84,70
IL1RN→IL1RL2,87
CXCL2→CXCR1,71
CXCL2→CXCR2,87
CXCL2→XCR1,87
CXCL2→MTNR1A,13
CXCL2→GRM7,89
CXCL2→ACKR1,87
CXCL3→CXCR1,71
CXCL3→CXCR2,87
CXCL3→MTNR1A,13
CXCL3→GRM7,89
CXCL3→ACKR1,87
FST→BMPR1B,77
FST→BMPR2,87
TCN1→CD320,78
TAC1→TACR2,89
PMCH→ADRA2A,89
PMCH→MTNR1A,13
PMCH→MERTK,91
PMCH→GRM7,89
PMCH→MCHR2,7
PMCH→MCHR1,37
TRH→TRHR,37
NTF3→NTRK1,81
NTF3→NGFR,89
NTF3→NTRK3,89
NTF3→NTRK2,89
EDN2→EDNRB,44
EDN2→EDNRA,44
PTN→PLXNB2,24
PTN→SDC3,87
PTN→SDC1,87
PTN→PTPRB,87
PTN→PTPRZ1,43
PTN→SDC2,87
PTN→PTPRS,85
PTN→ALK,89
MDK→TSPAN1,79
MDK→SDC3,87
MDK→SDC1,87
MDK→PTPRZ1,43
MDK→SDC2,87
MDK→LRP2,79
MDK→NOTCH2,87
MDK→LRP1,87
MDK→ALK,89
ZP3→EGFR,87
ZP3→MERTK,87
FGF7→NRP1,87
FGF7→FGFR1,87
FGF7→FGFR2,87
FGF7→FGFR4,87
FGF7→FGFR3,87
CCL1→CCR8,37
CCL1→ACKR1,71
CCL1→ACKR4,37
FGFR4→TNFRSF10A,87
FGFR4→EPHA4,87
FGFR4→PTPRR,49
GAL→GALR2,71
GAL→GALR3,22
GAL→ADRA2A,87
GAL→HLA-DPA1,91
GAL→GALR1,70
GAL→MTNR1A,13
GAL→GRM7,89
GAL→GPR151,14
FGFR3→EPHA4,87
FBLN1→ITGB1,24
ANOS1→FGFR1,87
ANOS1→SDC2,87
BDNF→NGFR,71
BDNF→DRD4,71
BDNF→NTRK2,71
BDNF→GPR152,35
NPPC→NPR1,89
NPPC→NPR3,89
NPPC→NPR2,89
IL32→ITGB3,87
AZGP1→ITGAV,79
S100A4→EGFR,87
S100A4→ERBB2,91
S100A4→CCR5,87
MST1→MST1R,85
GDF1→BMPR1A,36
GDF1→ACVR1,36
GDF1→HTR4,36
GDF1→BMPR2,36
CALR→ITGAV,87
CALR→ITGA2B,89
CALR→TSHR,81
CALR→ITGA3,87
CALR→MPL,67
CALR→MTNR1A,13
CALR→LRP1,87
CALR→SCARF1,87
CFP→NCR1,87
GRN→EGFR,87
GRN→NTRK1,87
GRN→TNFRSF1A,87
GRN→TNFRSF1B,87
GRN→CLEC4M,70
CCN2→LRP6,87
CCN2→EGFR,87
CCN2→NTRK1,87
CCN2→ITGB2,24
CCN2→ITGA5,87
CCN2→ITGAM,87
CCN2→IGF2R,87
CCN2→FGFR2,87
CCN2→LRP1,87
CCN2→ERBB4,79
IL12A→CD28,87
NTS→NTSR2,20
NTS→NGFR,89
NTS→NTSR1,11
FGF9→FGFR1,89
FGF9→FGFR2,89
FGF9→FGFR4,89
FGF9→FGFR3,89
IFNA8→GPR152,37
NTF4→NTRK1,117
NTF4→NGFR,43
NTF4→NTRK2,43
BMP8B→PLAUR,87
PRSS3→F2RL2,56
PRSS3→F2R,56
PRSS3→F2RL1,56
PRSS3→PARD3,56
PRSS3→F2RL3,56
IL13→IL2RG,87
IL13→TMEM219,87
SFTPD→TLR4,87
SFTPD→SIRPA,87
SFTPD→LAIR1,87
ADM→GPR182,89
ADM→RAMP1,87
ADM→RAMP2,87
ADM→RAMP3,87
ADM→ADRB2,87
ADM→ADRB3,71
ADM→TSHR,81
ADM→VIPR1,87
ADM→ADCYAP1R1,87
ADM→PTH1R,87
ADM→CALCRL,87
ADM→MRGPRX2,37
ADM→GPR20,70
ADM→GPR84,87
SERPINF1→PLXDC2,87
SNCA→LAG3,87
GDNF→EDNRB,87
THPO→MPL,67
IL15→IL2RA,87
LEP→LEPR,42
LEP→LRP2,42
WNT5A→FZD9,89
WNT5A→FZD6,87
WNT5A→FZD7,87
WNT5A→LRP5,87
WNT5A→LRP6,87
WNT5A→LDLR,87
WNT5A→ADRB2,87
WNT5A→RYK,87
WNT5A→MCAM,87
WNT5A→LRP2,79
WNT5A→ROR1,87
WNT5A→ROR2,87
WNT5A→PTK7,87
WNT5A→FZD5,87
WNT5A→FZD2,87
WNT5A→PTPRK,87
WNT5A→EPHA7,89
WNT5A→FZD8,87
WNT5A→ANTXR1,87
WNT5A→FZD3,87
WNT5A→FZD4,87
WNT5A→FZD10,87
CXCL5→ADRA2A,87
CXCL5→CXCR1,71
CXCL5→CXCR2,87
CXCL5→MTNR1A,13
CXCL5→GRM7,89
CXCL5→ACKR1,87
XCL1→XCR1,87
XCL1→ADGRV1,87
CXCL12→CD4,87
CXCL12→ITGB3,87
CXCL12→ITGB1,87
CXCL12→ITGAV,87
CXCL12→ITGA5,87
CXCL12→ITGA4,87
CXCL12→ACKR3,87
CXCL12→AVPR1A,87
CXCL12→MTNR1A,13
CXCL12→CXCR3,87
CXCL12→CCR4,87
CXCL12→CXCR4,87
CXCL12→GRM7,89
NMU→ADRA2A,87
NMU→MTNR1A,13
NMU→GRM7,89
NMU→NMUR2,108
NMU→NMUR1,89
CCN3→NOTCH1,87
CCN3→PLXNA1,87
PGF→NRP1,87
PGF→NRP2,87
VEGFB→NRP1,87
VEGFB→ADRB2,91
VEGFB→RET,91
VEGFC→NRP2,87
VEGFC→ITGB1,87
VEGFC→FLT1,87
VEGFC→VIPR2,87
VEGFC→ITGA9,87
VEGFC→LYVE1,87
INSL3→RAMP2,89
INSL3→RAMP3,89
INSL3→ADRB2,89
INSL3→ADRB3,71
INSL3→TSHR,81
INSL3→VIPR1,89
INSL3→ADCYAP1R1,89
INSL3→PTH1R,89
INSL3→RXFP4,71
INSL3→RXFP2,36
INSL3→GPR20,70
INSL3→RXFP1,71
INSL3→GPR84,89
INSL3→RXFP3,16
CCL11→CCR2,37
CCL11→CXCR3,37
CCL11→CCR3,37
CCL11→CCR5,37
CCL11→ACKR1,87
CCL11→ACKR4,83
LUM→ITGB1,87
COPA→CD74,87
COPA→NTRK1,87
COPA→MTNR1B,37
COPA→P2RY6,87
SLURP1→CHRNA3,52
MFAP2→NOTCH1,87
APOC4→VLDLR,18
FGF8→FGFR1,69
FGF8→FGFR2,69
FGF8→FGFR4,69
FGF8→FGFR3,69
FGF8→FGFRL1,69
UCN→CRHR1,72
UCN→CRHR2,89
INHBC→ACVR1,36
CCL23→FPR2,87
CCL23→CCR1,87
CCL18→CCR1,87
CCL18→CCR3,87
CCL18→CCR8,87
CCL18→ACKR1,87
WNT3→RYK,87
WNT3→ROR2,87
WNT3A→LGR5,89
WNT3A→ATP6AP2,89
WNT3A→RYK,89
WNT3A→ROR1,89
WNT3A→LRP1,89
WNT3A→APCDD1,89
WNT4→NOTCH1,87
WNT4→SMO,87
PROK1→PROKR2,34
PROK1→PROKR1,4
NXPH1→NRXN1,99
NXPH1→NRXN3,99
NXPH1→NRXN2,99
FAM3B→LRP5,24
DEFB1→CCR6,87
IL2→NGFR,87
IL2→CD53,87
SST→ADRA2A,9
SST→SSTR1,9
SST→SSTR2,9
SST→SSTR4,136
SST→SSTR3,10
SST→SSTR5,137
SST→MTNR1A,138
SST→GRM7,9
OSTN→NPR3,89
TGFB2→TGFBR3,87
YBX1→NOTCH1,87
CX3CL1→ITGB3,87
CX3CL1→ITGAV,87
CX3CL1→CX3CR1,43
CCL20→ADRA2A,87
CCL20→MTNR1A,13
CCL20→CXCR3,87
CCL20→CCR6,87
CCL20→GRM7,89
CCL20→ACKR4,89
CCL8→CCR1,87
CCL8→CCR2,87
CCL8→CCR3,87
CCL8→CCR5,87
CCL8→ACKR1,87
CCL8→ACKR4,89
CCL7→CCR1,87
CCL7→CCR2,87
CCL7→CCR10,87
CCL7→CXCR3,87
CCL7→CCR3,87
CCL7→CCR5,87
CCL7→ACKR1,87
CCL7→ACKR4,87
CXCL6→ADRA2A,87
CXCL6→CXCR1,71
CXCL6→CXCR2,87
CXCL6→MTNR1A,13
CXCL6→GRM7,89
CXCL6→ACKR1,87
S100A12→TLR4,87
S100A12→CD36,87
PRLH→PRLHR,70
DEFB103A→CCR2,37
DEFB103A→CCR6,37
QRFP→P2RY14,56
QRFP→QRFPR,56
FBLN2→ITGB3,87
NDP→LGR4,79
NDP→FZD4,79
GUCA2A→GUCY2C,20
TFF2→CXCR4,99
CXCL9→ADRA2A,87
CXCL9→FCGR2A,87
CXCL9→KIR2DL3,81
CXCL9→MTNR1A,13
CXCL9→CXCR3,87
CXCL9→CCR3,87
CXCL9→GRM7,89
CXCL9→ACKR1,87
TFF3→ACKR3,24
TFF3→CXCR4,24
LGALS3BP→ITGB1,87
LGALS3BP→CD33,87
MFGE8→ITGB3,87
MFGE8→ITGAV,87
MFGE8→PDGFRB,87
FGL1→EGFR,71
FGL1→LAG3,71
EFEMP1→EGFR,87
AIMP1→NTRK1,87
IL24→NOTCH2,87
IL24→IL10RB,22
IL15RA→AXL,87
SEMA3F→NRP1,87
PNOC→ADRA2A,86
PNOC→OPRL1,87
PNOC→MTNR1A,13
PNOC→GRM7,89
IL16→CD4,85
IL16→CCR5,85
IL18→IL1RL2,87
IL18→IL1RAPL1,89
GAS6→AXL,87
GAS6→TYRO3,91
GAS6→MERTK,87
CSHL1→GHR,37
CSHL1→PRLR,37
SEMA3A→NRP2,87
IHH→CDON,69
IHH→BOC,69
POSTN→PTK7,87
ANGPT1→ITGB1,87
ANGPT1→ITGA5,87
ANGPT1→TIE1,87
ANGPT1→TEK,87
SHH→GPC1,71
SHH→GPC5,71
SHH→LRP2,71
SHH→CDON,71
SHH→BOC,71
FCN2→LRP1,75
KISS1→KISS1R,70
ADIPOQ→GPR42,21
ADIPOQ→ASGR2,21
ADIPOQ→CNR2,21
ADIPOQ→ADIPOR2,21
ADIPOQ→PROKR2,109
ADIPOQ→GPR152,35
ADIPOQ→ADIPOR1,21
ADIPOQ→CLEC2D,21
ECM1→ITGB4,87
CCL14→CCR1,91
CCL14→CCR3,91
CCL14→CCR5,91
CCL14→ACKR1,87
GUCA2B→GUCY2C,71
CCL15→CCR1,37
CCL15→CCR3,37
MIA→CDH7,59
MSMP→CCR2,89
RSPO4→LGR6,53
RSPO1→LGR5,86
RSPO1→LRP6,89
RSPO1→LGR4,89
RSPO1→FZD8,89
RSPO1→LGR6,89
ERFE→LRP1,72
NMS→ADRA2A,62
NMS→MTNR1A,139
NMS→GRM7,140
NMS→NMUR2,141
NMS→NMUR1,62
SIRPB2→CD47,85
ARTN→GFRA2,71
IGFL1→IGFLR1,32
IGFL2→IGFLR1,87
ENHO→GPR19,56
VSTM1→LAMP1,87
VSTM1→ADGRG3,71
ALKAL2→LTK,72
ALKAL2→ALK,72
IGFL3→IGFLR1,32
ALKAL1→LTK,46
ALKAL1→ALK,72
RSPO2→LGR5,115
RSPO2→RNF43,115
RSPO2→LGR4,115
RSPO2→LGR6,115
SOSTDC1→LRP4,43
SOSTDC1→LRP5,43
SOSTDC1→LRP6,43
IL34→PTPRZ1,43
UTS2B→SSTR5,37
UTS2B→UTS2R,36
ADM2→RAMP1,24
ADM2→RAMP2,24
ADM2→RAMP3,24
ADM2→ADRB2,24
ADM2→ADRB3,71
ADM2→TSHR,24
ADM2→VIPR1,24
ADM2→ADCYAP1R1,24
ADM2→PTH1R,24
ADM2→CALCRL,24
ADM2→GPR20,24
ADM2→GPR84,24
BMP8A→TGFBR1,89
BMP8A→TGFBR2,89
TAC4→TACR2,68
IFNE→ADGRV1,89
GPHB5→TSHR,142
SFTPA1→TLR2,37
LGI2→ADAM23,87
DEFB106B→CCR2,37
LGI4→ADAM23,87
LGI3→ADAM23,37
NPW→ADRA2A,87
NPW→MTNR1A,13
NPW→NPBWR2,36
NPW→GRM7,89
FNDC5→ITGAV,87
FNDC5→ITGB5,87
DRAXIN→DCC,89
PCSK9→LDLR,52
PCSK9→VLDLR,52
PCSK9→APLP2,52
PCSK9→LRP1,52
NPB→ADRA2A,87
NPB→MTNR1A,13
NPB→NPBWR2,36
NPB→GRM7,89
IL1F10→IL1R1,5
IL1F10→SIGIRR,5
IL1F10→IL1RAPL2,5
IL1F10→IL1RAPL1,5
RLN3→RAMP2,37
RLN3→RAMP3,37
RLN3→ADRB2,37
RLN3→ADRA2A,37
RLN3→ADRB3,37
RLN3→TSHR,37
RLN3→VIPR1,37
RLN3→ADCYAP1R1,13
RLN3→MTNR1A,13
RLN3→PTH1R,37
RLN3→GRM7,37
RLN3→RXFP4,13
RLN3→RXFP2,37
RLN3→GPR20,37
RLN3→RXFP1,37
RLN3→GPR84,37
RLN3→RXFP3,16
FAM3C→GPR42,70
FAM3C→FFAR2,87
FAM3C→LAMP1,87
FAM3C→LIFR,87
FAM3C→KIR2DL3,81
FAM3C→PDCD1,87
FAM3C→ADGRG5,87
FAM3C→CLEC2D,87
CCL17→CCR4,37
CCL17→CCR8,37
CCL17→ACKR1,87
FGF13→EGFR,87
FGF13→FGFR1,87
FGF13→FGFR2,87
FGF13→FGFR4,87
FGF13→FGFR3,87
PRG4→TLR4,87
PRG4→TLR2,87
PRG4→CD44,87
LEAP2→GHSR,18
UCN3→CRHR1,37
UCN3→IL10RB,30
UCN3→CRHR2,109
PTH2→RAMP2,71
PTH2→RAMP3,71
PTH2→ADRB2,71
PTH2→ADRB3,71
PTH2→TSHR,71
PTH2→VIPR1,71
PTH2→ADCYAP1R1,71
PTH2→PTH2R,71
PTH2→PTH1R,71
PTH2→GPR20,71
PTH2→GPR84,71
RGMA→BMPR1B,77
RGMA→BMPR2,87
RGMA→NEO1,87
RGMA→TFR2,87
FAM3D→FPR1,49
FAM3D→FPR2,49
BCAN→EGFR,89
BCAN→NRCAM,89
SFRP2→FZD5,87
LRIG1→EGFR,87
LRIG1→MET,87
TAFA4→FPR1,56
SCGB3A1→NOTCH3,87
UCN2→CRHR1,52
UCN2→IL10RB,52
UCN2→CRHR2,40
GPHA2→TSHR,58
GPHA2→ADGRV1,58
GPHA2→EPHA6,58
HBEGF→CD44,87
HBEGF→PRLR,70
AMELX→CD63,37
AMELX→LAMP1,37
AMELX→LAMP2,37
AMELY→CD63,13
AMELY→LAMP1,13
AMELY→LAMP2,13
NELL2→ROBO3,87
CCL13→CCR1,87
CCL13→CCR2,87
CCL13→CXCR3,87
CCL13→CCR3,87
CCL13→CCR5,87
CCL13→CCR9,12
CCL13→ACKR1,87
CCL13→ACKR4,89
CCL19→CCRL2,87
CCL19→ADRA2A,87
CCL19→CCR7,87
CCL19→CCR10,89
CCL19→MTNR1A,13
CCL19→CXCR3,87
CCL19→GRM7,89
CCL19→ACKR4,89
RARRES2→CCRL2,87
RARRES2→CMKLR1,87
MYOC→FZD7,89
MYOC→FZD3,89
MYOC→FZD4,89
MYOC→FZD10,89
GDF15→RET,91
GDF15→TGFBR2,87
GDF15→GFRAL,66
SOST→LRP4,89
SOST→LRP5,89
SOST→LRP6,89
SPX→GALR2,71
SPX→GALR3,22
SPON2→ITGB2,24
SPON2→ITGB1,87
SPON2→ITGA5,87
SPON2→ITGAM,87
SPON2→ITGA4,91
C1QTNF1→AVPR2,87
RSPO3→LGR5,86
RSPO3→LRP6,87
RSPO3→LGR4,87
RSPO3→FZD8,87
RSPO3→LGR6,89
ANGPTL4→SDC3,87
ANGPTL4→SDC1,87
ANGPTL4→CDH5,87
ANGPTL4→SDC2,87
ANGPTL4→TIE1,87
ANGPTL4→CDH11,87
FGF23→FGFR1,70
FGF23→FGFR2,70
FGF23→FGFR4,70
FGF23→FGFR3,70
IL22→IL10RA,6
IL22→IL22RA2,6
IL22→IL21R,6
LACRT→SDC1,76
WNT5B→FZD4,91
MMRN2→CLEC14A,87
MMRN2→CD248,87
MMRN2→CD93,87
NTN4→DCC,89
NTN4→UNC5A,79
PROK2→PROKR2,36
PROK2→PROKR1,120
SPON1→APP,24
SPON1→LRP8,87
NPVF→NPFFR1,4
NPVF→NPFFR2,143
FGF22→FGFR1,70
FGF22→FGFR2,70
FGF22→FGFRL1,70
RETN→GPR25,82
RETN→TLR4,87
AMBN→CD63,2
FGF20→FGFR1,70
FGF20→FGFR2,70
FGF20→FGFR4,70
FGF20→FGFR3,70
IL23A→IL12RB2,87
IL26→IL20RB,71
CCL28→ADRA2A,87
CCL28→CCR10,37
CCL28→MTNR1A,13
CCL28→CCR3,87
CCL28→GRM7,89
ENAM→CD63,89
CYTL1→CCR2,87
LTBP3→ITGB5,87
FGF21→FGFR1,42
FGF21→FGFR2,42
FGF21→FGFR4,42
FGF21→FGFR3,42
FGF21→KLB,42
OBP2A→OR1G1,7
IL37→IL1RAPL1,97
CNTN3→PTPRG,87
GALP→GALR2,95
GALP→GALR3,36
GALP→GALR1,36
XCL2→XCR1,87
CLCF1→CRLF1,87
DKK3→KREMEN1,24
DKK4→LRP5,30
DKK4→LRP6,30
DKK4→KREMEN2,30
DKK4→KREMEN1,30
DKK2→LRP5,87
DKK2→LRP6,87
DKK2→KREMEN2,71
DKK2→KREMEN1,24
GHRL→MLNR,110
GHRL→GPR39,57
GHRL→TBXA2R,70
GHRL→PTGER3,87
GHRL→PTGIR,87
GHRL→GHRHR,102
GHRL→GHSR,18
TAC3→TACR2,69
IL17B→IL17RB,87
PCSK1N→GPR171,87
GDF2→ACVR1,37
ANGPTL2→TLR4,87
ANGPTL2→LILRB3,89
ANGPTL2→TIE1,87
ANGPTL2→LILRB2,89
APLN→ADRA2A,87
APLN→APLNR,26
APLN→MTNR1A,13
APLN→GRM7,89
CLEC11A→ITGA10,89
CLEC11A→ITGB1,87
CLEC11A→ITGA11,87
CCL26→CCR1,87
CCL26→CCR2,87
CCL26→CX3CR1,87
CCL26→CCR3,89
CCL26→CCR5,87
ANGPT4→TIE1,89
ANGPT4→TEK,89
CCL27→ADRA2A,70
CCL27→CCR2,37
CCL27→CCR10,70
CCL27→MTNR1A,13
CCL27→CCR3,37
CCL27→GRM7,70
ANGPTL3→ITGA5,64
INSL5→ADRA2A,94
INSL5→MTNR1A,13
INSL5→GRM7,94
INSL5→RXFP4,95
INSL5→RXFP2,34
INSL5→RXFP1,94
INSL5→RXFP3,144
WIF1→RYK,57
CD70→CD27,85
EFNA2→EPHA2,19
EFNA3→EPHA3,87
EFNA2→EPHA7,19
EFNA3→EPHA7,89
EFNA2→EPHA8,19
EFNA3→EPHA8,70
EFNA2→EPHA5,13
EFNA3→EPHA5,89
EFNA3→EPHA4,89
EFNA2→EPHA4,19
EFNA3→EPHA2,89
CCL11→ACKR2,88
CCL13→ACKR2,88
CCL14→ACKR2,89
CCL2→ACKR2,88
CCL3→ACKR2,88
CCL4→ACKR2,88
CCL5→ACKR2,88
CCL7→ACKR2,87
CCL8→ACKR2,88
EFNA2→EPHA3,19
EFNA2→EPHA1,19
CCL22→DPP4,88
CLEC2B→KLRF1,87
WNT5A→FZD1,87
CCL11→DPP4,83
CXCL10→DPP4,87
CXCL11→DPP4,87
CLEC2A→KLRF2,36
EFNA3→EPHA1,44
CXCL2→DPP4,87
CXCL9→DPP4,87
CXCL12→DPP4,87
CXCL16→CXCR6,91
TNFSF10→TNFRSF10C,85
CALCA→CALCR,71
C3→C3AR1,87
TNFSF8→TNFRSF8,87
TNFSF4→TNFRSF4,87
PLAU→PLAUR,87
C3→CR2,91
CCL17→ACKR2,88
CCL18→PITPNM3,70
CCL22→ACKR2,88
CCL23→ACKR2,89
CCL24→ACKR2,48
CD72→CD5,87
HMGB1→HAVCR2,87
IL16→CD9,87
LCN1→LMBR1L,89
LGALS1→CD69,24
SEMA4D→CD72,87
TXLNA→STX3,91
TXLNA→STX4,87
TXLNA→STX1A,87
CD24→SIGLEC10,87
CLEC4G→LAG3,89
GNAI2→MTNR1A,13
GNRH1→GNRHR,13
SHH→HHIP,71
SHH→GAS1,71
PSEN1→NCSTN,87
EFNA2→EPHA6,19
EFNA3→EPHA6,60
DHH→HHIP,89
IHH→HHIP,69
AFDN→EPHB3,72
GNAI2→CCR5,87
ADM→CALCR,74
ADM2→CALCR,74
IAPP→CALCR,70
CALCB→CALCR,89
PROS1→AXL,87
C5→C5AR1,91
RPS19→C5AR1,87
C5→C5AR2,91
RARRES2→CMKLR2,87
POMC→OPRD1,70
PDYN→OPRD1,37
PENK→OPRD1,56
CAMP→FPR2,73
HEBP1→FPR3,87
GNRH2→GNRHR,13
PSAP→GPR37,87
PSAP→GPR37L1,70
TAC1→TACR1,89
TAC3→TACR1,69
TAC1→TACR3,106
TAC3→TACR3,106
ARF1→PLD2,87
PROS1→TYRO3,91
GNAS→ADRB2,87
FGA→ITGB1,112
AFDN→EPHA7,72
AFDN→EPHB2,72
AFDN→EPHB6,72
RSPO1→ZNRF3,89
KMT2E→NCR2,47
LIPH→LPAR2,79
FGF13→SCN5A,89
FGF13→SCN8A,87
NTNG2→LRRC4,89
RSPO3→SDC4,87
RTN4→LINGO1,91
CNTN6→NOTCH1,60
NTNG1→LRRC4C,87
GNAS→GCGR,71
GNAI2→ADCY1,87
FGA→ITGAX,112
GPI→AMFR,87
PCNA→NCR2,47
GZMB→IGF2R,87
CD38→PECAM1,87
SERPINC1→LRP1,71
SERPINA1→LRP1,87
GNAS→TSHR,81
MFNG→NOTCH1,24
MFNG→NOTCH2,24
ADAM12→SDC4,91
F2→F2RL2,66
F2→F2R,66
F2→F2RL1,66
F2→F2RL3,66
REN→ATP6AP2,75
APOE→SORL1,87
TFPI→VLDLR,87
EDN3→KEL,43
OMG→LINGO1,89
GNAS→AVPR2,87
ASIP→ATRN,87
ASIP→MC1R,87
PSEN1→NOTCH1,87
FSTL1→DIP2A,24
GNAS→PTGDR,85
HRAS→INSR,87
HRAS→CAV1,87
ARF1→INSR,87
GRN→SORT1,87
GZMB→CHRM3,89
F9→LRP1,37
TIMP1→CD63,87
SFRP1→FZD2,87
SFRP1→FZD6,87
PLAT→LRP1,87
TGFB1→ENG,87
HGF→ST14,91
SERPINE1→LRP2,79
SERPINE1→LRP1,87
EFNB3→RHBDL2,87
HBEGF→CD9,87
LTF→LRP1,89
HRG→FCGR1A,72
TFPI→LRP1,87
PROC→THBD,91
TGFB3→ENG,87
INHBA→ENG,87
EFNB2→RHBDL2,87
C3→ITGAM,87
C3→CD19,91
C3→CD46,87
C3→C5AR2,91
C3→ITGAX,87
C3→CR1,87
VASP→CXCR2,87
SLURP1→CHRNA7,43
OMG→RTN4RL1,89
AANAT→MTNR1B,37
AANAT→MTNR1A,13
CRP→OLR1,71
NTS→SORT1,89
CCL21→ACKR2,87
CCL27→ACKR2,70
MMP7→CD44,87
MMP7→CD151,87
MMP7→ERBB4,43
THBS1→SDC4,87
TIMP2→ITGB1,87
FGF2→SDC4,87
F13A1→ITGA4,87
F13A1→ITGB1,87
TIMP3→AGTR2,37
IGFBP4→FZD8,87
RSPO2→ZNRF3,115
BMP6→HJV,4
SCGB3A1→MARCO,81
SHANK1→SSTR2,51
SHANK1→ADGRL1,51
BMP10→ENG,7
LIPH→LPAR1,79
LIPH→LPAR4,37
SCGB3A2→MARCO,43
COL14A1→CD44,87
IL16→KCNJ15,24
IL16→KCNJ10,87
COL3A1→DDR2,87
COL3A1→MAG,79
COL3A1→DDR1,87
CXCL10→SDC4,87
FGB→ITGAM,112
FGB→ITGB1,112
FGB→TLR4,112
FGA→ITGAM,112
FGA→ITGB3,112
FGA→TLR4,112
PRND→RPSA,33
HAS2→HMMR,71
HAS2→CD44,87
RGMB→NEO1,87
F2→THBD,66
CCL19→ACKR2,88
LPL→GPIHBP1,89
LPL→SDC1,87
LPL→VLDLR,87
GNAI2→LPAR3,87
GNAI2→EDNRA,87
GNAI2→ADORA1,87
GNAI2→C5AR1,87
GNAI2→ADRA2B,87
GNAI2→F2R,87
GNAI2→FPR1,87
GNAI2→OPRM1,70
GNAI2→CAV1,87
GNAI2→TBXA2R,87
GNAI2→CXCR2,87
GNAI2→TSHR,81
GNAI2→AGTR2,37
GNAI2→CNR1,87
FBN1→ITGB3,87
FBN1→ITGB1,87
PSEN1→NOTCH4,87
BGN→TLR4,87
CTHRC1→FZD5,87
CTHRC1→FZD6,87
CTHRC1→FZD3,87
FGG→ITGB1,112
FGG→TLR4,112
RTN4→TNFRSF19,87
COL9A3→MAG,79
SLPI→PLSCR4,87
HMGB1→SDC1,87
HMGB1→THBD,87
FN1→MAG,79
COL18A1→GPC4,24
COL9A1→MAG,65
GIP→DPP4,33
F8→LDLR,87
CCL28→ACKR2,88
TGM2→ITGB1,87
TGM2→ITGB3,87
TGM2→SDC4,87
TGM2→ADGRG1,87
CNTF→IL6R,37
TGFB2→ENG,87
C4BPA→BMPR2,43
C4BPA→CD40,43
CFH→ITGAM,87
EFNA3→EPHB1,89
NGF→SORCS3,52
COL11A1→DDR1,87
GNAS→CRHR1,72
RBP4→STRA6,89
CEL→CXCR4,89
MMP9→CD44,87
MMP9→EPHB2,87
COL9A2→MAG,79
COL5A2→DDR1,87
ANXA1→DYSF,87
AGRN→ATP1A3,87
COL2A1→MAG,79
ZG16B→TLR5,79
ZG16B→CXCR4,79
CCL25→ACKR2,46
TCTN1→TMEM67,87
C4A→C5AR2,80
HRAS→AGTR1,87
LRPAP1→LDLR,87
TIMP2→ITGA3,87
CPAMD8→SCTR,64
RTN4→RTN4R,87
OMG→RTN4R,89
LTB→TNFRSF1A,85
PYY→FAP,70
NPY→FAP,41
PROC→PROCR,77
PLG→PLGRKT,89
HBEGF→CD82,87
GNAI2→OPRD1,70
A2M→LRP1,87
SERPINE2→LRP1,87
MMP13→LRP1,87
MMP9→LRP1,87
PLAU→LRP1,87
LRPAP1→LRP1,87
C3→LRP1,87
C1QB→LRP1,87
C4BPA→LRP1,43
F8→LRP1,87
LPL→LRP1,87
LIPC→LRP1,87
PSAP→LRP1,87
ASIP→MC3R,36
SFTPA2→CD93,37
MBL2→CD93,37
C1QA→CD93,87
KISS1→MMP24,70
PDGFB→ART1,37
GUCA2B→GUCY2D,71
ARF1→CHRM3,89
NGF→SORT1,87
LRPAP1→SORT1,87
BDNF→SORT1,71
PSEN1→NOTCH2,87
GNAI2→MTNR1B,37
FN1→NT5E,87
BGN→TLR2,87
ZG16B→TLR2,79
RNASE2→TLR2,87
LRPAP1→SORL1,87
CP→SLC40A1,92
IGFBP4→LRP6,87
F2→ITGA2B,66
FGG→ITGA2B,112
FGA→ITGA2B,112
FGB→ITGA2B,112
IL16→GRIN2D,87
PSEN1→NOTCH3,87
GPC3→CD81,87
SERPING1→SELP,87
CD24→SELP,87
PLAU→LRP2,79
LRPAP1→LRP2,79
ALB→LRP2,79
LPL→LRP2,79
LCN2→LRP2,79
TIMP3→KDR,24
COL18A1→KDR,24
COL18A1→GPC1,24
RTN4→CNTNAP1,91
F13A1→ITGA9,87
GPC3→IGF1R,87
GNAI2→IGF1R,91
GNAI2→EGFR,87
SPINK1→EGFR,87
LIN7C→HTR2C,56
PLAU→ST14,91
GNAI2→ADRA2A,87
MATN1→ITGA1,89
PLA2G10→PLA2R1,79
FGG→ITGA5,112
FGA→ITGA5,112
FGB→ITGA5,112
FBN1→ITGA5,87
COL18A1→ITGA5,24
GNAI2→LHCGR,40
GNAS→LHCGR,40
PROS1→MERTK,87
GNAI2→CXCR1,71
LTBP1→ITGB5,87
MMP1→ITGA2,87
FAT4→DCHS1,87
ASIP→MC4R,36
C4A→C3AR1,80
TAC4→TACR3,106
TAC4→TACR1,68
LRPAP1→LRP8,87
AHSG→INSR,13
F2→GP9,109
GNAI2→P2RY12,85
ASIP→MC5R,36
GNAS→VIPR1,87
RTN4→RTN4RL1,79
PTGS2→PTGDR2,37
ASIP→MC2R,37
F10→F3,87
F7→F3,79
BMP5→HJV,4
BMP2→HJV,4
PTGS2→CAV1,87
MMP12→PLAUR,87
COL5A1→SDC3,87
F8→ASGR2,87
EDN2→KEL,74
EDN1→KEL,74
PLAU→IGF2R,87
C4A→CR1,80
B2M→CD1B,79
PSAP→CD1B,79
LTB→CD40,87
NTF4→BEX3,72
MDK→SDC4,87
CCL5→SDC4,87
BMP7→ENG,87
GDF2→ENG,37
BMP2→ENG,89
ZG16B→TLR4,79
COLQ→MUSK,37
PLTP→ABCA1,87
MEPE→PHEX,64
LRPAP1→VLDLR,87
VIM→CD44,87
NAMPT→INSR,87
CEACAM5→CD8A,99
ADGRB1→RTN4RL1,87
ADGRB1→RTN4RL2,87
APOB→ENO1,38
BMP2→RGMB,89
BMP4→CFC1,107
BMP4→RGMB,87
BMP7→HJV,4
BSG→SLC16A1,87
BSG→SLC16A7,87
C1QA→CD33,87
C1QB→CD33,87
C3→NRP1,87
C4A→NRP1,85
CADM3→CADM1,89
CRTAM→CADM1,91
CADM1→CRTAM,91
NECTIN3→CADM1,72
CCN1→SDC4,87
CD52→SIGLEC10,87
L1CAM→CD9,81
CIRBP→TREM1,87
COL18A1→PTPRS,85
COL5A3→SDC3,87
CTHRC1→ROR2,87
DNAJB11→PRTG,91
EPO→CRLF3,75
INHBB→CFC1,107
INHBB→CFC1B,109
LGI1→ADAM22,70
LGI2→ADAM22,87
LGI3→ADAM22,37
LGI3→FLOT1,37
LGI3→STX1A,37
LGI4→ADAM22,87
LTF→LRP11,89
LY86→CD180,87
MATN1→ITGB1,89
MYL9→CD69,87
MYOC→FZD1,89
OMG→TNFRSF1B,89
PDCD1LG2→RGMB,87
PROC→TEK,89
PTDSS1→JMJD6,87
PTDSS1→SCARB1,85
RTN4→S1PR2,87
SERPINF1→PLXDC1,87
SERPING1→LRP1,87
SERTAD1→AR,87
SLPI→PLSCR1,87
TOR2A→ATP5F1B,72
ZG16B→TLR6,79
ZP3→CHRNA7,84
CALM1→TRPC3,87
S100A10→TRPV6,74
FADD→FAS,85
FADD→TRADD,87
MFAP5→NOTCH1,87
CALM1→PDE1A,87
CALM3→PDE1A,87
CALM1→PDE1B,87
CALM3→PDE1B,87
CALM1→PDE1C,87
CALM3→PDE1C,87
GNAS→ADCY1,87
CALM3→GRM7,89
CALM1→GRM7,89
IRAK4→TLR4,87
MEGF10→ABCA1,77
TLN1→ITGB3,87
TLN1→ITGB5,87
C1QB→C1QBP,87
HMGB1→AGER,87
GNAS→ADRB3,71
APOA1→ABCA1,87
GSTP1→EGFR,87
CALM3→EGFR,87
CALM1→INSR,87
CALM3→INSR,87
HMGB1→TLR4,87
GNAS→HTR6,51
APOB→MTTP,38
ITGB3BP→ITGB5,87
ITGB3BP→ITGB3,87
HEBP1→ADRA2A,87
HEBP1→MTNR1A,13
HEBP1→GRM7,89
VCL→ITGB5,87
VCL→ALK,89
EFNA2→EPHA10,19
TCN2→LRP2,79
TCN2→CNR1,24
TIMP1→FGFR2,87
MMP2→PECAM1,87
MMP2→CCR2,87
MMP2→FGFR1,87
PLAT→ITGAM,87
TGFB1→CAV1,87
NAMPT→ADORA2A,85
SERPINE1→PLAUR,87
SERPINE1→ITGB5,87
C5→ADRA2A,87
C5→MTNR1A,13
C5→GRM7,89
SELPLG→ESAM,87
FGF6→SDC4,37
GNB3→TGFBR1,87
GNB3→GABBR2,37
HRG→ERBB2,72
HRG→ERBB3,72
TFPI→SDC4,87
TFPI→F3,87
APOB→CALCR,38
PROC→ITGAM,77
FGF23→PHEX,70
TNFSF10→RIPK1,87
GSTM2→RYR2,87
PI3→PLD2,87
LYPD3→AGR2,79
BMP4→HJV,4
PSPN→GFRA3,56
TNFSF9→TRAF2,87
CD70→TNFRSF13B,87
C3→MTNR1A,13
C3→GRM7,89
C3→ADRA2A,87
C3→IFITM1,85
C3→CD81,87
TPH1→HTR7,89
TPH1→HTR1A,13
TPH1→HTR1F,89
TPH1→HTR1D,53
TPH1→HTR2C,56
TPH1→HTR4,71
TPH1→HTR6,51
TPH1→HTR1B,89
TPH1→HTR2A,89
TPH1→HTR2B,89
TPH1→HTR5A,18
TPH1→HTR1E,100
LMAN1→MCFD2,87
APOE→CHRNA4,54
APOE→ABCA1,87
NCAN→CDH2,56
NCAN→SDC3,56
CRP→CR1,71
FST→HJV,4
CFC1→ACVR1B,107
TGS1→RXRA,87
MMP7→SDC1,87
ADAM10→GPNMB,87
ADAM10→TSPAN5,87
ADAM10→CADM1,91
ADAM10→TSPAN14,87
RIMS2→ABCA1,87
TIMP2→CD44,87
FARP2→PLXNA3,91
FARP2→PLXNA1,87
FARP2→PLXNA2,87
FARP2→PLXNA4,87
LAMC2→CD151,87
WNT5A→VANGL2,87
ICAM1→CAV1,87
BST1→CAV1,87
TNC→SDC4,87
EGF→CAV1,74
EGF→RHBDL2,74
NPTX2→NPTXR,24
ADAM2→CD9,37
TIMP3→CD44,24
TIMP3→MET,24
HDC→HRH1,70
HDC→HRH2,70
HDC→HRH3,37
CGN→TGFBR2,79
CGN→OCLN,79
CGN→TGFBR1,79
LIN7C→ABCA1,87
LIN7C→KCNJ4,37
IL18→IL18BP,87
QDPR→DYSF,87
PIGF→FLT1,87
ADAMTS3→CCBE1,87
PIP→AQP5,74
CALM3→KCNQ3,87
CALM3→KCNQ5,87
CALM3→ESR1,87
CALM3→RYR2,87
CALM3→GP6,89
CALM3→SCN10A,62
CALM3→AQP6,52
CALM3→GRM5,52
CALM3→AR,87
CALM3→AQP1,87
CALM3→SCN4A,87
TFF2→MUC6,99
TFF1→MUC5AC,99
S100B→AGER,24
S100A1→TRPM3,89
S100A1→RYR2,44
S100A1→RYR1,44
S100A1→TLR4,44
S100A1→AGER,44
CXCL16→GRM7,89
CXCL16→MTNR1A,13
FGF11→FGFR2,90
FGF11→FGFR1,87
ARPC5→ADRB2,87
ARPC5→LDLR,87
CAMP→P2RX7,73
SPINK1→NRSN1,120
FABP5→RXRA,87
SHH→SCUBE2,71
ARF6→PLD1,87
ARF6→SMAP1,87
ANGPTL4→GPIHBP1,87
FADD→ABCA1,87
IL16→GRIN2B,89
IL16→KCNJ4,37
IL16→GRIN2A,87
HSPA4→TLR4,87
FGB→ITGB3,112
FGA→PLAUR,112
FGA→CDH5,112
FGA→ITGAD,112
NPTX1→NPTXR,22
RGMB→HJV,4
RGMB→BMPR2,87
RGMB→BMPR1B,77
F2→GP1BB,36
LPL→CD44,87
EFEMP2→AQP1,87
EFEMP2→PLSCR4,87
GNAI2→S1PR5,91
GNAI2→S1PR3,87
GNAI2→UNC5B,91
GNAI2→PTPRU,87
GNAI2→CXCR3,87
GNAI2→EDNRB,87
GNAI2→DRD2,56
GNAI2→ADCY7,87
AGTRAP→RACK1,72
PKM→CD44,87
LPA→LPAR1,8
MMP1→CD44,87
WNT11→KLRG2,57
PSEN1→CD44,87
BGN→TLR1,87
IZUMO1→CD9,89
IZUMO1→IZUMO1R,13
P4HB→MTTP,89
FGG→ITGB3,112
RTN4→GJB2,87
DMP1→PHEX,64
WNT7B→TMED5,25
ICAM4→RHAG,72
HMGB1→TLR9,87
HMGB1→CXCR4,87
FN1→DPP4,87
COL18A1→ITGB3,87
CALM1→KCNQ3,87
CALM1→GRM3,70
CALM1→CALCR,74
CALM1→GRM4,73
CALM1→CRHR1,72
CALM1→HMMR,87
CALM1→ADCYAP1R1,87
CALM1→OPRM1,70
CALM1→RYR2,87
CALM1→GLP1R,67
CALM1→SCN10A,62
CALM1→AQP6,52
CALM1→PTPRA,87
CALM1→SCN4A,87
SEMA4F→NRP2,89
GAD1→GRM4,73
ITIH2→FCER1A,70
PYY→DPP4,70
TGM2→ITGA4,87
TGM2→TBXA2R,87
PTGS2→ALOX5,87
EFNA3→EPHB6,87
EFNA3→EPHA10,79
NGF→TRPV1,87
NGF→MAGED1,87
NGF→BEX3,72
CD40LG→TRAF3,87
GNAS→GLP1R,67
GNAS→ADCY7,87
MMP9→ITGAM,87
MMP9→RECK,87
SPTAN1→PTPRA,87
PLAU→ITGAM,87
PLAU→VLDLR,87
PLAU→ITGB1,87
F10→ITGAM,89
FGF14→FGFR2,84
FGF14→FGFR1,84
ACTR2→LDLR,87
SHBG→CLDN4,22
LAMB3→CD151,87
LGALS9→SLC1A5,87
PDCD1LG2→PDCD2,87
DSCAM→DCC,37
TF→HFE,43
PTPN6→CD300LF,87
C1QTNF5→MFRP,37
HSPA8→LDLR,87
S100A10→CFTR,74
SHANK2→CFTR,74
PLAU→ITGA3,87
LGALS8→ITGA3,87
COL18A1→ITGA3,24
SLPI→CD4,87
CALM1→SCTR,64
CD70→TNFRSF17,87
CALML3→KCNQ1,43
CALM1→KCNQ1,87
CALM3→KCNQ1,87
RTN4→NGFR,89
OMG→NGFR,89
FAM3C→GLRA2,37
RIMS1→SLC17A7,60
KLK3→EPOR,37
S100A8→CD69,87
CXCL13→OPRD1,70
CFC1→ACVR2A,107
GPC3→LRP1,87
F12→CD93,89
GNAI2→S1PR4,87
TNFSF4→TRAF2,87
TNF→TRAF2,85
FADD→TRAF2,87
GSTP1→TRAF2,87
CLEC3A→CLEC10A,111
PCSK9→SORT1,52
PSAP→SORT1,87
NGF→KIDINS220,87
HDC→HRH4,70
LAMA1→NT5E,87
CALM1→MIP,89
LTA→RIPK1,85
CD14→RIPK1,87
HMGB1→TLR2,87
CCN6→SORL1,43
MDK→SORL1,79
ASIP→MGRN1,87
CALM1→GLP2R,71
CALM1→TRPC5,63
CALM3→TRPC5,63
CALM1→KCNN4,87
EGF→PLD2,74
CRISP3→A1BG,112
HSPA1A→GRIN2D,87
ARPC5→LRP2,79
GPC3→LRP2,79
CUBN→LRP2,79
HSPA8→LRP2,79
ACTR2→LRP2,79
SERPINC1→GPC1,71
TGM2→ITGA9,87
AGT→ENPEP,87
NCAM1→CACNA1C,89
RIMS1→CACNA1C,60
CALM1→CACNA1C,87
CALM3→CACNA1C,87
SCGB1A1→LMBR1L,29
CAMP→IGF1R,73
MMP9→IFNAR1,24
PTPN11→FCRL4,81
PTPN6→FCRL4,81
CALM1→PTH2R,85
NRTN→GFRA3,56
GDNF→GFRA3,46
CAMP→EGFR,73
CNTF→EGFR,37
CALM1→HTR2C,56
NTNG2→LRRC4C,89
SPINT1→ST14,91
SORBS1→ITGA1,87
FBN1→ITGB6,89
SFTPD→LY96,87
BGN→LY96,87
GNAS→ADCY8,12
GNAI2→ADCY8,12
CALM3→ADCY8,12
MDK→GPC2,87
PLAU→ITGA5,87
GNAS→ADCY9,91
GNAI2→ADCY9,91
PLAU→ITGB5,87
SORBS1→ITGB5,87
COL18A1→ITGB5,24
NUCB2→ERAP1,87
RIMS1→SLC18A2,60
HSPA8→ADRB2,87
ACTR2→ADRB2,87
GNAI2→S1PR1,87
CALM1→GRM5,52
GNAI2→CHRM1,37
CALM1→GP6,89
CRISP2→CATSPER1,111
SHBG→GPRC6A,106
CALM1→AQP1,87
PDX1→SLC2A2,13
CALM1→VIPR1,87
CALM1→CNGA2,96
RGMA→HJV,4
NRG1→MS4A4A,87
CCN1→CAV1,87
WNT5B→KLRG2,57
TNF→TRADD,85
SHBG→SLC37A1,22
CALM1→KCNQ5,87
PTPN6→CLEC12A,87
CALM1→FAS,87
PIGA→PIGR,89
MBL2→CALCR,35
GSTO1→RYR1,87
GCG→DPP4,71
NPPB→DPP4,104
NPY→DPP4,41
VIP→DPP4,89
ADA→DPP4,85
MMP9→TLR9,87
HRAS→TLR9,87
C1QA→CR1,87
GNAS→ADORA1,87
CEACAM16→TECTB,13
BDNF→BEX3,72
CXCL12→SDC4,87
LAMA1→SDC4,87
HSPA1A→TLR4,87
RIMS1→SLC18A3,37
PSAP→AR,87
COL8A2→SLC4A11,87
SPTBN2→PTPRA,87
NCAM1→PTPRA,89
IRAK4→TLR7,87
APOC1→VLDLR,87
CEACAM16→TECTA,89
TNF→TRPM2,24
IRAK4→TLR6,87
FGF12→FGFR1,87
VEGFC→CCBE1,87
FGF12→FGFR2,87
RGMA→HFE,87
VEGFA→GRIN2B,89
ENTPD1→ADORA1,87
ENTPD1→ADORA2A,85
ENTPD1→ADORA2B,87
ENTPD1→ADORA3,87
GDF10→BMPR2,87
PTPN6→EGFR,87
TPSAB1→F2RL1,79
PDAP1→PDGFRB,87
IL16→KCNA3,85
IL16→KCND2,87
SERPINA7→SLC16A2,37
IL16→KCND1,87
IL16→GRIN2C,70
ADCYAP1→DPP4,70
CCL26→ACKR2,88
RETN→CAP1,87
ANGPTL4→SDC4,87
MDK→NCL,87
PTN→SDC4,87
PTN→NCL,87
C4A→CR2,45
KLK3→NTRK1,37
SLURP1→CHRNB2,43
SLURP1→CHRNB4,52
SLURP1→CHRNA4,54
SLURP1→CHRNA9,113
SLURP1→CHRNA10,43
SLURP2→CHRNB2,5
SLURP2→CHRNB4,7
SLURP2→CHRNA4,16
SLURP2→CHRNA7,5
GDF9→FXYD6,87
GDF9→ORAI2,87
LRP1B→PLAUR,74
PSAP→CELSR1,24
PTN→CDH10,108
SPP1→S1PR1,87
IL12B→BOC,71
PCSK9→CD81,52
TAC1→DPP4,89
LPA→TREM2,8
SEMA3G→FCGR2A,87
LTF→TREML2,89
PSG9→DCC,37
F8→LRP2,79
PRL→ERBB2,89
LTF→IGDCC4,89
MXRA5→ILDR1,87
PAM→DPP4,87
PSG4→TNFSF8,105
FGF1→ITGB3,87
B2M→CD1C,79
TAC1→FAP,89
BDNF→ERBB2,71
IL23A→LILRB2,87
LEP→ISLR2,42
NRG2→MOG,70
CD40LG→CD53,85
MXRA5→SCN2B,86
S100A4→ERBB3,79
MXRA5→MAG,79
HAPLN1→ADGRA2,87
BMP5→PTPRD,89
ADO→ADORA3,87
TGFA→PTPRD,55
MXRA5→PILRB,87
MXRA5→PILRA,87
SEMA3E→NRP2,87
FSTL5→CEACAM19,116
APOO→IL1RAPL2,75
AMH→GREM2,89
FSTL5→SIGLEC6,116
PLA2G2A→ERBB3,87
IGSF10→CD200R1L,47
BTN1A1→TARM1,98
CNMD→PTPRD,69
CNTN4→APLP1,87
NPY→ADRB1,41
RSPO3→ZNRF3,24
BTN1A1→NEGR1,47
LTF→TNFRSF11B,89
SEMA3G→GP6,89
PSG9→DSCAM,37
IL23A→LILRA1,87
WFIKKN2→IGDCC4,37
F12→GP5,89
FGF2→ITGB3,87
CD40LG→CD9,87
BMP15→TGFBR1,34
WFIKKN2→PRTG,37
ADM→DCLK3,87
TNFSF9→FCRL1,87
FSTL5→LILRB2,116
ANGPTL7→LILRB2,89
NR0B2→FGFRL1,101
GRP→FAP,87
PSG4→DSCAM,37
VEGFA→CD44,87
SLITRK1→TNFRSF11B,27
TIMP3→DDR1,24
SPARC→FGFR1,87
MXRA5→CD69,87
NGF→ERBB2,87
SLC6A8→LIFR,87
F11→GP1BB,13
SPARC→ENG,87
NRG1→FCAMR,64
VWF→ITGA4,87
MXRA5→MPIG6B,72
IL23A→SIGLEC6,87
CALCA→DCLK3,71
HAPLN1→PRTG,87
FSTL5→LILRA1,116
F11→GP9,118
LGALS3→ENG,87
NRG2→NRP2,87
HAPLN1→TREML2,45
EGF→TNFRSF11B,74
MXRA5→AGER,87
BMP4→GREM2,87
NRG2→LRRTM2,89
PSG6→DSCAM,37
RSPO4→ZNRF3,53
CXCL10→TLR4,87
WFIKKN2→IGDCC3,37
PCSK9→LRP8,52
F11→GP5,118
MXRA5→MFAP3L,87
IMPG2→PRLR,87
NRG2→MPIG6B,72
VWF→ITGB1,87
IL21→IL4R,87
LTF→BTN3A2,89
IGFBPL1→DCC,37
IGSF10→MAG,79
S100A10→HTR1B,89
ADM2→DCLK3,24
FGB→CDH5,112
PCSK9→CD36,52
SLITRK1→ENPEP,27
IL5→CSF2RA,70
CD59→STAB1,87
FSTL5→CNTN5,116
KITLG→LRRN3,87
IL10→CD27,87
NPPB→FAP,104
MXRA5→AXL,87
MIA→ITGA5,87
VIP→ADRB1,89
RARRES1→NRP2,87
BPI→SLAMF9,49
IGSF1→ACVR1B,89
FRS3→FGFR1,87
SOCS2→EPOR,87
PI16→MFAP3L,87
HAPLN1→IL1RL1,87
PSG5→PDGFRA,70
GH1→EPOR,70
PSG7→DSCAM,16
IL11→IL6R,87
VWF→ITGA9,87
TGFB1→LPP,87
ADM→ACKR3,87
HAPLN1→IGDCC4,87
IGSF10→SLAMF9,77
ETV5→ERBB2,91
CCL5→DPP4,85
MXRA5→SIGLEC7,87
PSG5→TNFRSF12A,70
CALCA→ACKR3,71
GPC3→FLT1,91
HAPLN1→TNFRSF11B,87
CNTN6→PTPRG,60
MBL2→C1QB,37
ADO→ADORA2B,87
SCEL→ENG,111
APOB→TREM2,38
CLCF1→SORL1,87
GPC3→UNC5C,87
F12→GP9,71
GHRH→DPP4,103
CNTN4→LVRN,87
FSTL5→GP6,116
LTF→BOC,89
SNX14→HTR6,51
SLIT2→PLXNA1,87
LTF→AGER,87
HAPLN1→MPIG6B,72
WNT7B→ADGRA2,24
IFNA2→CR2,37
IGFBP7→MPIG6B,72
IL10→CD70,87
ADO→ADORA1,87
F12→GP1BB,37
GDF11→ACVR1C,87
GPC3→VSIG10L,91
IFNG→MPL,67
FSTL5→IL6R,116
MBL2→LRP1,37
GCG→FAP,71
HAPLN1→AGER,87
PSG7→DCC,16
IL6→MUSK,37
PSG9→AXL,37
NTN1→DSCAM,97
AGRP→MC1R,87
IL4→IL21R,87
MXRA5→SIGLEC8,87
GIP→FAP,33
TPSB2→F2RL1,79
GPC3→UNC5D,70
PLA2G2A→EGFR,87
NRG1→SIGLEC7,87
AGRP→SDC1,87
PI16→TNFRSF21,87
IGSF10→MILR1,87
RSPO1→RNF43,89
RSPO4→RNF43,53
FSTL5→CHL1,116
WNT7A→ADGRA2,89
POMC→MRAP,28
GPC3→TNFRSF11B,91
TNFSF10→CCR6,87
IL23A→GP6,89
NPY→ADRB2,41
IL6→FCGR3B,87
LGALS3→MCAM,87
LTF→IL1RL1,89
PAM→FAP,87
FSTL5→SDK2,116
TREML4→SIGLEC8,63
F8→LRP4,87
RSPO3→RNF43,89
SCUBE2→KDR,87
DBP→ACKR1,87
MFGE8→ITGB5,87
C4A→CD46,85
BMP7→ACVR1B,87
PSG7→CLEC4A,17
IL3→CSF2RA,71
IL10→IFNLR1,87
ADO→ADORA2A,85
ANGPTL1→LILRB2,89
MIA→ITGA4,87
CD1D→CEACAM5,99
ENTPD1→TMIGD3,87
CNTF→CRLF1,37
IL22→IL20RA,6
NRG3→EGFR,89
CSF1→CSF2RA,87
CSF3→CSF2RA,70
MAML2→NOTCH2,87
MAML2→NOTCH3,87
MAML2→NOTCH1,87
MAML2→NOTCH4,87
BMP6→AMHR2,71
GDF11→ACTR2,87
GDF1→ACTR2,36
INHBA→ACTR2,87
BMP7→ACTR2,87
BMP2→ACTR2,89
BMP15→ACTR2,37
CSF1→CSF3R,87
IL36G→IFNAR1,23
IL36G→IFNAR2,23
