Program,Interaction,Weight
0,MIF→TNFRSF14,0.8338160196114698
0,HLA-DRB5→CD4,0.8012982650092244
0,SELPLG→ITGB2,0.7654457842772378
0,LTB→TNFRSF1A,0.7483980104907987
0,HLA-F→LILRB1,0.7438952811319864
0,TNFSF13→TNFRSF1A,0.7095456967590774
0,SELPLG→SELL,0.6954654611593885
0,FADD→FAS,0.6924035206529792
0,TNFSF13→TNFRSF14,0.6874288783484526
0,APP→LRP10,0.6861170512815886
0,HLA-G→LILRB1,0.6791776885065961
0,HLA-C→CD8B,0.6653401018644418
0,HLA-DRB1→LAG3,0.6611875601694633
0,APP→CD74,0.6570050447413899
0,HLA-A→CD8B,0.6567129028240513
0,HLA-B→CD8B,0.6506116274211281
0,HLA-DPB1→LAG3,0.6499467471990185
0,HLA-E→CD8B,0.6480917920600867
0,HLA-DPA1→LAG3,0.6466752326073527
0,SERPINA1→LRP1,0.645696412502104
1,VEGFA→NRP1,0.7157668296517519
1,CD99→CD81,0.6994544241988468
1,TXLNA→STX4,0.692531291977251
1,TGFB1→CXCR4,0.6794627382626601
1,CALM1→PTPRA,0.6774248070675712
1,PTGS2→CAV1,0.6752670980131518
1,ICAM4→ITGAV,0.673443130233014
1,TIMP2→CD44,0.6731435549628076
1,VEGFB→ADRB2,0.6662227193388899
1,HBEGF→CD44,0.6650535743407311
1,ICAM4→ITGB1,0.6619096396027858
1,VEGFA→NRP2,0.6599083875835468
1,TNFSF12→TNFRSF12A,0.6560064100196948
1,VEGFA→SIRPA,0.6559442295552526
1,GNAI2→CAV1,0.6507988392599773
1,TNFSF9→HLA-DPA1,0.6477047387375289
1,ACTR2→ADRB2,0.6445244013660645
1,VIM→CD44,0.6443874699767393
1,CALR→ITGAV,0.6433995067585283
1,BMP2→ENG,0.642594917374504
2,ADCYAP1→RAMP2,1.0134018201897732
2,IAPP→RAMP2,1.0061418074289368
2,GNAI2→IGF1R,0.9846067561624544
2,AVP→GPR20,0.9647277914696044
2,PTHLH→RAMP2,0.9641654096157044
2,GNAI2→UNC5B,0.960324775664607
2,CNTF→IL6R,0.9462685122741428
2,OMG→TNFRSF1B,0.9279378749688626
2,AVP→RAMP2,0.9145522032818648
2,HLA-B→KLRD1,0.904176218991694
2,HLA-E→KLRK1,0.898651862131838
2,CEACAM5→CD8A,0.8917486691638549
2,CCL11→CCR5,0.8887434175971349
2,ICAM4→ITGB3,0.8789996812334678
2,PRSS3→F2R,0.8769035324499408
2,OMG→LINGO1,0.8762266535999765
2,PTH→RAMP2,0.8728221349305361
2,LTB→CD40,0.8719513426377883
2,COL9A2→GP6,0.8686744860422286
2,MFGE8→ITGB3,0.8547981874847577
3,THBS2→NOTCH3,0.9824076715479538
3,HSPG2→ITGB1,0.9539995146795734
3,COL3A1→DDR2,0.9169696740815054
3,COL1A1→DDR2,0.9093677013357824
3,COL18A1→KDR,0.904557243899036
3,LAMB1→ITGA1,0.8989435425043094
3,NID1→ITGAV,0.896277116578857
3,MMP2→PECAM1,0.8777680347359327
3,ADAM12→ITGB1,0.8668359443509901
3,FN1→SDC2,0.8664907083936386
3,COL6A3→SDC1,0.850023970146061
3,VCAN→ITGB1,0.8359503815125002
3,COL4A2→CD93,0.8348610438365923
3,COL18A1→ITGA5,0.8280475350660188
3,AGRN→ITGB1,0.8235237795914863
3,ITGAV→THY1,0.8192295024348962
3,LUM→ITGB1,0.81619424748867
3,COL1A2→CD93,0.8140880429382167
3,APP→LRP1,0.8139105382769534
3,FBN1→ITGB1,0.8129403736360826
4,CALM1→AQP1,1.7193157468875646
4,GNAS→AVPR2,1.5828498849955486
4,LGALS3→ENG,1.5085871506318458
4,CXCL12→ITGB1,1.4598593115102971
4,VWF→ITGB1,1.4397017135432206
4,APP→CD74,1.4171101433525246
4,SPARC→ENG,1.407520328420751
4,APP→LRP10,1.4014448996188975
4,TIMP3→MET,1.3970385430272008
4,TIMP3→KDR,1.3906217663538518
4,ADAM15→ITGB1,1.363786049826442
4,MFGE8→PDGFRB,1.3414640319286089
4,CALM1→PDE1A,1.3313482256541436
4,CD48→CD2,1.3235917619701565
4,ANXA2→ROBO4,1.310572585544928
4,ACTR2→ADRB2,1.2999149044238636
4,HLA-C→CD8B,1.2716429062981012
4,HLA-A→CD8B,1.270880156705316
4,HLA-E→CD8B,1.2551995980140902
4,LAMA5→BCAM,1.2515388872816358
5,LGALS1→ITGB1,1.3346864867439432
5,TIMP1→CD63,1.253690286251086
5,LGALS1→CD69,1.242225634372946
5,HLA-B→CD3D,1.178485209872398
5,HSPG2→ITGB1,1.1054479649622304
5,LGALS1→PTPRC,1.0755527706734922
5,B2M→KLRD1,1.0364878959931516
5,FN1→SDC2,1.0162615947964118
5,VWF→ITGB1,0.976573980603535
5,HLA-A→APLP2,0.9470166533017628
5,COL4A2→CD93,0.9353133738206164
5,VCAN→ITGB1,0.9278008796614928
5,TIMP2→ITGB1,0.9260930519349172
5,COL4A1→CD93,0.9135974109562816
5,HMGB1→CXCR4,0.8877673671333649
5,VIM→CD44,0.868309890874858
5,SPON2→ITGB1,0.8598940647983733
5,SPARC→ENG,0.8574904835796592
5,APP→CD74,0.851189287759841
5,CALM1→INSR,0.8409688676959896
6,INSL3→RXFP2,0.8254560477717731
6,ENHO→GPR19,0.8189817286326943
6,ASIP→MC4R,0.7783441137908689
6,NMB→BRS3,0.7648131722160321
6,ARF1→PLD2,0.7615928332525429
6,LHB→ADRB3,0.7509304803385187
6,INSL3→TSHR,0.7505704916001598
6,AVP→TSHR,0.7432631447294923
6,EFNA1→EPHA1,0.7409714551858142
6,FGF16→FGFR4,0.7382185120365508
6,CALCA→ADRB3,0.7372123691987852
6,GNB3→GABBR2,0.7364936829697742
6,WNT1→RYK,0.7296750115787668
6,ANGPTL2→LILRB3,0.713688264893849
6,RLN2→RXFP2,0.7120824856162254
6,ADAM7→ITGB7,0.7107415724606188
6,TNFSF4→TNFRSF4,0.7085426348311245
6,NRG3→ERBB3,0.7066080933430428
6,SHH→GPC5,0.7055390536475934
6,ANGPTL1→LILRB3,0.705041219698284
7,GNAI2→C5AR1,0.7057400205605002
7,IFNA1→CR2,0.7022506894367565
7,RETN→CAP1,0.6885866748865089
7,COL4A6→CD47,0.6838445188249821
7,PSG9→DSCAM,0.6780781548996091
7,GNAI2→FPR1,0.6727071364240336
7,HDC→HRH3,0.6678598815671083
7,GNAI2→CHRM1,0.6594975777320438
7,CXCL13→CCR10,0.6541581464030554
7,CCL7→CCR10,0.6465355939279058
7,FGF6→SDC4,0.6390260691163467
7,LGALS9→CD47,0.6297451611783975
7,CLEC11A→ITGA11,0.6257745505707117
7,HLA-A→KIR2DL3,0.6240294164052904
7,CCL16→HRH4,0.6168079136139314
7,ICAM4→ITGA4,0.6148779768640023
7,HDC→HRH4,0.6141241398798131
7,FGF23→FGFR2,0.6112780999803274
7,DNAJB11→PRTG,0.609432620286761
7,TNFSF13→TNFRSF13B,0.6044947352707353
8,CALM3→EGFR,0.388575738497864
8,EFEMP1→EGFR,0.379333824528529
8,COL5A1→SDC3,0.3741699609459676
8,DCN→EGFR,0.3736379408976065
8,VCAN→EGFR,0.371937968081631
8,APP→TNFRSF21,0.3713654395258677
8,TNC→SDC4,0.367127963225382
8,TNC→ITGA5,0.3549372180536849
8,APP→LRP1,0.3487405226857496
8,SFRP1→FZD6,0.3459549571108862
8,PSAP→LRP1,0.344881991205425
8,GNAI2→EGFR,0.3405552566467366
8,CALR→LRP1,0.3393847035845819
8,RGMA→BMPR2,0.3393739102555831
8,LRPAP1→LRP1,0.3392979624200279
8,CALM3→AQP6,0.3382308602503929
8,FGF7→FGFR4,0.3373869447603255
8,TNC→SDC1,0.3331740893267844
8,FGF11→FGFR1,0.3330062046805058
8,ST6GAL1→EGFR,0.3316006836903198
9,HLA-DRB5→CD4,0.5349552658757339
9,HLA-F→LILRB1,0.5246063886640916
9,CD14→ITGA4,0.5229176971502323
9,APOE→LRP1,0.4993597808126356
9,C1QB→LRP1,0.4733474523656716
9,CD14→ITGB2,0.4727564943483969
9,CD14→ITGB1,0.458851358572909
9,PSAP→LRP1,0.4283570499122404
9,LGALS9→LRP1,0.4254045464724006
9,SIRPA→CD47,0.4217355233266833
9,CD47→SIRPA,0.4217355233266833
9,HLA-DMB→CD4,0.4146811791337941
9,CD86→CD28,0.4102608005508592
9,CD28→CD86,0.4102608005508592
9,SERPINA1→LRP1,0.4092259253098296
9,HMGB1→TLR2,0.4083223894257085
9,ADAM10→TREM2,0.4067253865179666
9,HLA-A→LILRB1,0.4066664059394332
9,LRPAP1→LRP1,0.4049096593992733
9,HLA-C→LILRB1,0.4048152120929662
